id,name,type,phase,frozen,durationSeconds,startTimeSeconds,relativeTimeSeconds
1056,Mail.Ru Cup 2018 Round 3,CF,BEFORE,False,9000,1543163700,-917403
1080,Codeforces Round #524 (Div. 2),CF,BEFORE,False,7200,1543044900,-798603
1061,Codeforces Round #523 (Div. 2),CF,BEFORE,False,7200,1542900900,-654603
1032,Technocup 2019 - Elimination Round 3,CF,BEFORE,False,7200,1542557100,-310803
1078,"Codeforces Round #522 (Div. 1, based on Technocup 2019 Elimination Round 3)",CF,BEFORE,False,7200,1542557100,-310803
1079,"Codeforces Round #522 (Div. 2, based on Technocup 2019 Elimination Round 3)",CF,BEFORE,False,7200,1542557100,-310803
1050,Технокубок 2019 - Ознакомительный Раунд 3,CF,BEFORE,False,172800,1542380700,-134403
1077,Codeforces Round #521 (Div. 3),ICPC,BEFORE,False,7200,1542378900,-132604
1062,Codeforces Round #520 (Div. 2),CF,FINISHED,False,7200,1542209700,36597
1076,Educational Codeforces Round 54 (Rated for Div. 2),ICPC,FINISHED,False,7200,1542033300,212997
1055,Mail.Ru Cup 2018 Round 2,CF,FINISHED,False,9000,1541860500,385797
1044,Lyft Level 5 Challenge 2018 - Final Round,CF,FINISHED,False,7200,1541355000,891297
1074,Lyft Level 5 Challenge 2018 - Final Round (Open Div. 1),CF,FINISHED,False,9000,1541355000,891297
1075,Lyft Level 5 Challenge 2018 - Final Round (Open Div. 2),CF,FINISHED,False,9000,1541355000,891297
1043,Codeforces Round #519 by Botan Investments,CF,FINISHED,False,7200,1540740900,1505397
1073,Educational Codeforces Round 53 (Rated for Div. 2),ICPC,FINISHED,False,7200,1540478100,1768197
1067,"Codeforces Round #518 (Div. 1) [Thanks, Mail.Ru!]",CF,FINISHED,False,7200,1540398900,1847397
1068,"Codeforces Round #518 (Div. 2) [Thanks, Mail.Ru!]",CF,FINISHED,False,7200,1540398900,1847397
1031,Technocup 2019 - Elimination Round 2,CF,FINISHED,False,7200,1540109400,2136897
1071,"Codeforces Round #517 (Div. 1, based on Technocup 2019 Elimination Round 2)",CF,FINISHED,False,7200,1540109400,2136897
1072,"Codeforces Round #517 (Div. 2, based on Technocup 2019 Elimination Round 2)",CF,FINISHED,False,7200,1540109400,2136897
1070,"2018-2019 ICPC, NEERC, Southern Subregional Contest (Online Mirror, ACM-ICPC Rules, Teams Preferred)",ICPC,FINISHED,False,18000,1540022700,2223597
1049,Технокубок 2019 - Ознакомительный Раунд 2,CF,FINISHED,False,172800,1539932700,2313597
1054,Mail.Ru Cup 2018 Round 1,CF,FINISHED,False,9000,1539880500,2365797
1063,"Codeforces Round #516 (Div. 1, by Moscow Team Olympiad)",CF,FINISHED,False,7200,1539511500,2734797
1064,"Codeforces Round #516 (Div. 2, by Moscow Team Olympiad)",CF,FINISHED,False,7200,1539511500,2734797
1066,Codeforces Round #515 (Div. 3),ICPC,FINISHED,False,7200,1539354900,2891397
1057,Mail.Ru Cup 2018 - Practice Round,CF,FINISHED,False,259200,1539335100,2911197
1065,Educational Codeforces Round 52 (Rated for Div. 2),ICPC,FINISHED,False,7200,1539269400,2976897
1033,Lyft Level 5 Challenge 2018 - Elimination Round,CF,FINISHED,False,7200,1538931900,3314397
1059,Codeforces Round #514 (Div. 2),CF,FINISHED,False,7200,1538750100,3496197
1060,"Codeforces Round #513 by Barcelona Bootcamp (rated, Div. 1 + Div. 2)",CF,FINISHED,False,9000,1538636700,3609597
1030,Technocup 2019 - Elimination Round 1,CF,FINISHED,False,7200,1537707900,4538397
1053,"Codeforces Round #512 (Div. 1, based on Technocup 2019 Elimination Round 1)",CF,FINISHED,False,7200,1537707900,4538397
1058,"Codeforces Round #512 (Div. 2, based on Technocup 2019 Elimination Round 1)",CF,FINISHED,False,7200,1537707900,4538397
1045,"Bubble Cup 11 - Finals [Online Mirror, Div. 1]",ICPC,FINISHED,False,18000,1537612500,4633797
1046,"Bubble Cup 11 - Finals [Online Mirror, Div. 2]",ICPC,FINISHED,False,18000,1537612500,4633797
1034,Codeforces Round #511 (Div. 1),CF,FINISHED,False,7200,1537540500,4705797
1047,Codeforces Round #511 (Div. 2),CF,FINISHED,False,7200,1537540500,4705797
1048,Технокубок 2019 - Ознакомительный Раунд 1,CF,FINISHED,False,172800,1537531500,4714797
1052,Huawei Honorcup Marathon 1,IOI,FINISHED,False,1209600,1537462800,4783497
1051,Educational Codeforces Round 51 (Rated for Div. 2),ICPC,FINISHED,False,7200,1537454700,4791597
1042,Codeforces Round #510 (Div. 2),CF,FINISHED,False,7200,1537171500,5074797
1041,Codeforces Round #509 (Div. 2),CF,FINISHED,False,7200,1537094100,5152197
1036,Educational Codeforces Round 50 (Rated for Div. 2),ICPC,FINISHED,False,7200,1536330900,5915397
1038,Codeforces Round #508 (Div. 2),CF,FINISHED,False,7200,1536248100,5998197
1039,"Codeforces Round #507 (Div. 1, based on Olympiad of Metropolises)",CF,FINISHED,False,7200,1536165300,6080997
1040,"Codeforces Round #507 (Div. 2, based on Olympiad of Metropolises)",CF,FINISHED,False,7200,1536165300,6080997
1037,"Manthan, Codefest 18 (rated, Div. 1 + Div. 2)",CF,FINISHED,False,7200,1535898900,6347397
1028,"AIM Tech Round 5 (rated, Div. 1 + Div. 2)",CF,FINISHED,False,8100,1535387700,6858597
1029,Codeforces Round #506 (Div. 3),ICPC,FINISHED,False,7200,1535122200,7124097
1025,"Codeforces Round #505 (rated, Div. 1 + Div. 2, based on VK Cup 2018 Final)",CF,FINISHED,False,8100,1534685700,7560597
1027,Educational Codeforces Round 49 (Rated for Div. 2),ICPC,FINISHED,False,7200,1534602900,7643397
1023,"Codeforces Round #504 (rated, Div. 1 + Div. 2, based on VK Cup 2018 Final)",CF,FINISHED,False,8100,1534516500,7729797
951,VK Cup 2018 - Final,CF,FINISHED,False,10800,1534059600,8186697
1019,"Codeforces Round #503 (by SIS, Div. 1)",CF,FINISHED,False,7200,1533994500,8251797
1020,"Codeforces Round #503 (by SIS, Div. 2)",CF,FINISHED,False,7200,1533994500,8251797
1017,"Codeforces Round #502 (in memory of Leopoldo Taravilse, Div. 1 + Div. 2)",CF,FINISHED,False,9600,1533737100,8509197
1016,Educational Codeforces Round 48 (Rated for Div. 2),ICPC,FINISHED,False,7200,1533307500,8938797
1015,Codeforces Round #501 (Div. 3),ICPC,FINISHED,False,7200,1533047700,9198597
1012,Codeforces Round #500 (Div. 1) [based on EJOI],CF,FINISHED,False,9000,1532938500,9307797
1013,Codeforces Round #500 (Div. 2) [based on EJOI],CF,FINISHED,False,9000,1532938500,9307797
1010,Codeforces Round #499 (Div. 1),CF,FINISHED,False,7200,1532617500,9628797
1011,Codeforces Round #499 (Div. 2),CF,FINISHED,False,7200,1532617500,9628797
1014,Codeforces Marathon Round 2,IOI,FINISHED,False,604800,1532434500,9811797
1006,Codeforces Round #498 (Div. 3),ICPC,FINISHED,False,7200,1531751700,10494597
1009,Educational Codeforces Round 47 (Rated for Div. 2),ICPC,FINISHED,False,7200,1531578900,10667397
1007,Codeforces Round #497 (Div. 1),CF,FINISHED,False,7800,1531492500,10753797
1008,Codeforces Round #497 (Div. 2),CF,FINISHED,False,7800,1531492500,10753797
1005,Codeforces Round #496 (Div. 3),ICPC,FINISHED,False,7200,1531150500,11095797
1002,Microsoft Q# Coding Contest - Summer 2018,ICPC,FINISHED,False,259200,1530892800,11353497
1004,Codeforces Round #495 (Div. 2),CF,FINISHED,False,7200,1530808500,11437797
1003,Codeforces Round #494 (Div. 3),ICPC,FINISHED,False,7200,1530628500,11617797
997,Codeforces Round #493 (Div. 1),CF,FINISHED,False,7200,1530453900,11792397
998,Codeforces Round #493 (Div. 2),CF,FINISHED,False,7200,1530453900,11792397
1001,Microsoft Q# Coding Contest - Summer 2018 - Warmup,ICPC,FINISHED,False,259200,1530288000,11958297
1000,Educational Codeforces Round 46 (Rated for Div. 2),ICPC,FINISHED,False,7200,1530110100,12136197
995,"Codeforces Round #492 (Div. 1) [Thanks, uDebug!]",CF,FINISHED,False,7200,1529858100,12388197
996,"Codeforces Round #492 (Div. 2) [Thanks, uDebug!]",CF,FINISHED,False,7200,1529858100,12388197
991,Codeforces Round #491 (Div. 2),CF,FINISHED,False,7200,1529768100,12478197
999,Codeforces Round #490 (Div. 3),ICPC,FINISHED,False,7200,1529591700,12654597
992,Codeforces Round #489 (Div. 2),CF,FINISHED,False,7200,1529339700,12906597
993,Codeforces Round #488 by NEAR (Div. 1),CF,FINISHED,False,9000,1529166900,13079397
994,Codeforces Round #488 by NEAR (Div. 2),CF,FINISHED,False,9000,1529166900,13079397
989,Codeforces Round #487 (Div. 2),CF,FINISHED,False,7200,1528724100,13522197
990,Educational Codeforces Round 45 (Rated for Div. 2),ICPC,FINISHED,False,7200,1528625100,13621197
988,Codeforces Round #486 (Div. 3),ICPC,FINISHED,False,7200,1527863700,14382597
986,Codeforces Round #485 (Div. 1),CF,FINISHED,False,7800,1527608100,14638197
987,Codeforces Round #485 (Div. 2),CF,FINISHED,False,7800,1527608100,14638197
981,Avito Code Challenge 2018,CF,FINISHED,False,10800,1527432600,14813697
985,Educational Codeforces Round 44 (Rated for Div. 2),ICPC,FINISHED,False,7200,1526913900,15332397
982,Codeforces Round #484 (Div. 2),CF,FINISHED,False,7200,1526574900,15671397
983,"Codeforces Round #483 (Div. 1) [Thanks, Botan Investments and Victor Shaburov!]",CF,FINISHED,False,7200,1526395500,15850797
984,"Codeforces Round #483 (Div. 2) [Thanks, Botan Investments and Victor Shaburov!]",CF,FINISHED,False,7200,1526395500,15850797
979,Codeforces Round #482 (Div. 2),CF,FINISHED,False,7200,1526308500,15937797
978,Codeforces Round #481 (Div. 3),ICPC,FINISHED,False,9000,1526202300,16043997
980,Codeforces Round #480 (Div. 2),CF,FINISHED,False,7200,1525791900,16454397
977,Codeforces Round #479 (Div. 3),ICPC,FINISHED,False,7200,1525615500,16630797
975,Codeforces Round #478 (Div. 2),CF,FINISHED,False,7200,1525183500,17062797
976,Educational Codeforces Round 43 (Rated for Div. 2),ICPC,FINISHED,False,7200,1525099200,17147097
925,VK Cup 2018 - Round 3,CF,FINISHED,False,9000,1525007700,17238597
966,"Codeforces Round #477 (rated, Div. 1, based on VK Cup 2018 Round 3)",CF,FINISHED,False,9000,1525007700,17238597
967,"Codeforces Round #477 (rated, Div. 2, based on VK Cup 2018 Round 3)",CF,FINISHED,False,9000,1525007700,17238597
965,"Codeforces Round #476 (Div. 2) [Thanks, Telegram!]",CF,FINISHED,False,7200,1524677700,17568597
927,VK Cup 2018 - Wild-card Round 2,IOI,FINISHED,False,604800,1524152100,18094197
963,Tinkoff Internship Warmup Round 2018 and Codeforces Round #475 (Div. 1),CF,FINISHED,False,7200,1523973900,18272397
964,Tinkoff Internship Warmup Round 2018 and Codeforces Round #475 (Div. 2),CF,FINISHED,False,7200,1523973900,18272397
958,"Helvetic Coding Contest 2018 online mirror (teams allowed, unrated)",ICPC,FINISHED,False,18000,1523689500,18556797
962,Educational Codeforces Round 42 (Rated for Div. 2),ICPC,FINISHED,False,7200,1523370900,18875397
960,"Divide by Zero 2018 and Codeforces Round #474 (Div. 1 + Div. 2, combined)",CF,FINISHED,False,9000,1523117100,19129197
961,Educational Codeforces Round 41 (Rated for Div. 2),ICPC,FINISHED,False,7200,1522850700,19395597
959,Codeforces Round #473 (Div. 2),CF,FINISHED,False,7200,1522771500,19474797
952,April Fools Contest 2018,ICPC,FINISHED,False,7200,1522596900,19649397
924,VK Cup 2018 - Round 2,CF,FINISHED,False,8100,1521905700,20340597
956,"Codeforces Round #472 (rated, Div. 1, based on VK Cup 2018 Round 2)",CF,FINISHED,False,8100,1521905700,20340597
957,"Codeforces Round #472 (rated, Div. 2, based on VK Cup 2018 Round 2)",CF,FINISHED,False,8100,1521905700,20340597
955,Codeforces Round #471 (Div. 2),CF,FINISHED,False,9000,1521822900,20423397
954,Educational Codeforces Round 40 (Rated for Div. 2),ICPC,FINISHED,False,10800,1521698700,20547597
926,VK Cup 2018 - Wild-card Round 1,ICPC,FINISHED,False,7200,1521300900,20945397
953,VK Cup 2018 - Wild-card Round 1 (unofficial unrated mirror),ICPC,FINISHED,False,7200,1521300900,20945397
923,VK Cup 2018 - Round 1,CF,FINISHED,False,7200,1520696100,21550197
947,"Codeforces Round #470 (rated, Div. 1, based on VK Cup 2018 Round 1)",CF,FINISHED,False,7200,1520696100,21550197
948,"Codeforces Round #470 (rated, Div. 2, based on VK Cup 2018 Round 1)",CF,FINISHED,False,7200,1520696100,21550197
949,Codeforces Round #469 (Div. 1),CF,FINISHED,False,9000,1520583000,21663297
950,Codeforces Round #469 (Div. 2),CF,FINISHED,False,9000,1520583000,21663297
946,Educational Codeforces Round 39 (Rated for Div. 2),ICPC,FINISHED,False,7200,1520348700,21897597
930,"Codeforces Round #468 (Div. 1, based on Technocup 2018 Final Round)",CF,FINISHED,False,7200,1520177700,22068597
931,"Codeforces Round #468 (Div. 2, based on Technocup 2018 Final Round)",CF,FINISHED,False,7200,1520177700,22068597
944,Технокубок 2018 - Финал (только для онсайт-финалистов),CF,FINISHED,False,10800,1520152800,22093497
929,VK Cup 2018 - Квалификация 2,CF,FINISHED,False,86400,1520004900,22241397
936,Codeforces Round #467 (Div. 1),CF,FINISHED,False,7200,1519574700,22671597
937,Codeforces Round #467 (Div. 2),CF,FINISHED,False,7200,1519574700,22671597
928,VK Cup 2018 - Квалификация 1,CF,FINISHED,False,86400,1519486500,22759797
940,Codeforces Round #466 (Div. 2),CF,FINISHED,False,7200,1519464900,22781397
935,Codeforces Round #465 (Div. 2),CF,FINISHED,False,7200,1519058100,23188197
939,Codeforces Round #464 (Div. 2),CF,FINISHED,False,7200,1518861900,23384397
938,Educational Codeforces Round 38 (Rated for Div. 2),ICPC,FINISHED,False,7200,1518793500,23452797
932,"ICM Technex 2018 and Codeforces Round #463 (Div. 1 + Div. 2, combined)",CF,FINISHED,False,7200,1518705300,23540997
933,Codeforces Round #462 (Div. 1),CF,FINISHED,False,7200,1518609900,23636397
934,Codeforces Round #462 (Div. 2),CF,FINISHED,False,7200,1518609900,23636397
922,Codeforces Round #461 (Div. 2),CF,FINISHED,False,7200,1518023700,24222597
920,Educational Codeforces Round 37 (Rated for Div. 2),ICPC,FINISHED,False,7200,1517582100,24664197
921,AIM Tech Mini Marathon 1,IOI,FINISHED,False,10800,1517500800,24745497
919,Codeforces Round #460 (Div. 2),CF,FINISHED,False,7200,1517403900,24842397
917,Codeforces Round #459 (Div. 1),CF,FINISHED,False,7200,1517236500,25009797
918,Codeforces Round #459 (Div. 2),CF,FINISHED,False,7200,1517236500,25009797
914,"Codecraft-18 and Codeforces Round #458 (Div. 1 + Div. 2, combined)",CF,FINISHED,False,10800,1516462500,25783797
916,Codeforces Round #457 (Div. 2),CF,FINISHED,False,7200,1516372500,25873797
915,Educational Codeforces Round 36 (Rated for Div. 2),ICPC,FINISHED,False,7200,1515848700,26397597
913,Hello 2018,CF,FINISHED,False,9000,1515422700,26823597
912,Codeforces Round #456 (Div. 2),CF,FINISHED,False,7200,1515162900,27083397
908,Good Bye 2017,CF,FINISHED,False,9000,1514562000,27684297
911,Educational Codeforces Round 35 (Rated for Div. 2),ICPC,FINISHED,False,7200,1514469900,27776397
909,Codeforces Round #455 (Div. 2),CF,FINISHED,False,7200,1514392500,27853797
904,Технокубок 2018 - Отборочный Раунд 4,CF,FINISHED,False,7200,1514037900,28208397
906,"Codeforces Round #454 (Div. 1, based on Technocup 2018 Elimination Round 4)",CF,FINISHED,False,7200,1514037900,28208397
907,"Codeforces Round #454 (Div. 2, based on Technocup 2018 Elimination Round 4)",CF,FINISHED,False,7200,1514037900,28208397
910,Testing Round #14 (Unrated),CF,FINISHED,False,5400,1513940700,28305597
905,Технокубок 2018 - Ознакомительный Раунд 4,CF,FINISHED,False,172800,1513861200,28385097
901,Codeforces Round #453 (Div. 1),CF,FINISHED,False,7200,1513697700,28548597
902,Codeforces Round #453 (Div. 2),CF,FINISHED,False,7200,1513697700,28548597
899,Codeforces Round #452 (Div. 2),CF,FINISHED,False,7200,1513492500,28753797
898,Codeforces Round #451 (Div. 2),CF,FINISHED,False,7200,1513424100,28822197
903,Educational Codeforces Round 34 (Rated for Div. 2),ICPC,FINISHED,False,7200,1513091100,29155197
900,Codeforces Round #450 (Div. 2),CF,FINISHED,False,7200,1513008300,29237997
896,Codeforces Round #449 (Div. 1),CF,FINISHED,False,8100,1512223500,30022797
897,Codeforces Round #449 (Div. 2),CF,FINISHED,False,8100,1512223500,30022797
895,Codeforces Round #448 (Div. 2),CF,FINISHED,False,7200,1511712300,30533997
893,Educational Codeforces Round 33 (Rated for Div. 2),ICPC,FINISHED,False,7200,1511449500,30796797
894,Codeforces Round #447 (Div. 2),CF,FINISHED,False,7200,1511099700,31146597
891,Codeforces Round #446 (Div. 1),CF,FINISHED,False,7200,1510929300,31316997
892,Codeforces Round #446 (Div. 2),CF,FINISHED,False,7200,1510929300,31316997
886,Технокубок 2018 - Отборочный Раунд 3,CF,FINISHED,False,9000,1510502700,31743597
889,"Codeforces Round #445 (Div. 1, based on Technocup 2018 Elimination Round 3)",CF,FINISHED,False,9000,1510502700,31743597
890,"Codeforces Round #445 (Div. 2, based on Technocup 2018 Elimination Round 3)",CF,FINISHED,False,9000,1510502700,31743597
888,Educational Codeforces Round 32,ICPC,FINISHED,False,7200,1510239900,32006397
885,Технокубок 2018 - Ознакомительный Раунд 3,CF,FINISHED,False,259200,1510239600,32006697
887,Codeforces Round #444 (Div. 2),CF,FINISHED,False,9000,1509725100,32521197
884,Educational Codeforces Round 31,ICPC,FINISHED,False,7200,1509113100,33133197
878,Codeforces Round #443 (Div. 1),CF,FINISHED,False,7200,1509029100,33217197
879,Codeforces Round #443 (Div. 2),CF,FINISHED,False,7200,1509029100,33217197
877,Codeforces Round #442 (Div. 2),CF,FINISHED,False,7200,1508773500,33472797
883,"2017-2018 ACM-ICPC, NEERC, Southern Subregional Contest (Online Mirror, ACM-ICPC Rules, Teams Preferred)",ICPC,FINISHED,False,18000,1508573100,33673197
875,"Codeforces Round #441 (Div. 1, by Moscow Team Olympiad)",CF,FINISHED,False,7200,1508151900,34094397
876,"Codeforces Round #441 (Div. 2, by Moscow Team Olympiad)",CF,FINISHED,False,7200,1508151900,34094397
870,Technocup 2018 - Elimination Round 2,CF,FINISHED,False,7200,1508054700,34191597
871,"Codeforces Round #440 (Div. 1, based on Technocup 2018 Elimination Round 2)",CF,FINISHED,False,7200,1508054700,34191597
872,"Codeforces Round #440 (Div. 2, based on Technocup 2018 Elimination Round 2)",CF,FINISHED,False,7200,1508054700,34191597
873,Educational Codeforces Round 30,ICPC,FINISHED,False,7200,1507817100,34429197
874,Technocup 2018 - Practice Round 2,CF,FINISHED,False,259200,1507791600,34454697
869,Codeforces Round #439 (Div. 2),CF,FINISHED,False,7200,1507296900,34949397
868,Codeforces Round #438 by Sberbank and Barcelona Bootcamp (Div. 1 + Div. 2 combined),CF,FINISHED,False,10800,1507187100,35059197
865,MemSQL Start[c]UP 3.0 - Round 2 (onsite finalists),CF,FINISHED,False,10800,1506791100,35455197
866,MemSQL Start[c]UP 3.0 - Round 2 and Codeforces Round #437 (Div. 1),CF,FINISHED,False,10800,1506791100,35455197
867,"Codeforces Round #437 (Div. 2, based on MemSQL Start[c]UP 3.0 - Round 2)",CF,FINISHED,False,10800,1506791100,35455197
864,Codeforces Round #436 (Div. 2),CF,FINISHED,False,7200,1506335700,35910597
855,"Manthan, Codefest 17",CF,FINISHED,False,9000,1506263700,35982597
863,Educational Codeforces Round 29,ICPC,FINISHED,False,7200,1506006300,36239997
862,Codeforces Round #435 (Div. 2),CF,FINISHED,False,7200,1505833500,36412797
847,"2017-2018 ACM-ICPC, NEERC, Southern Subregional Contest, qualification stage (Online Mirror, ACM-ICPC Rules, Teams Preferred)",ICPC,FINISHED,False,14400,1505739900,36506397
858,Технокубок 2018 - Отборочный Раунд 1,CF,FINISHED,False,8400,1505653500,36592797
860,"Codeforces Round #434 (Div. 1, based on Technocup 2018 Elimination Round 1)",CF,FINISHED,False,8400,1505653500,36592797
861,"Codeforces Round #434 (Div. 2, based on Technocup 2018 Elimination Round 1)",CF,FINISHED,False,8400,1505653500,36592797
859,MemSQL Start[c]UP 3.0 - Round 1,CF,FINISHED,False,9000,1505583300,36662997
857,Технокубок 2018 - Ознакомительный Раунд 1,CF,FINISHED,False,259200,1505390400,36855897
856,"Russian Code Cup 2017 - Finals [Unofficial Mirror, Div. 1 Only Recommended, Teams Allowed]",ICPC,FINISHED,False,10800,1505050500,37195797
853,"Codeforces Round #433 (Div. 1, based on Olympiad of Metropolises)",CF,FINISHED,False,7200,1504702500,37543797
854,"Codeforces Round #433 (Div. 2, based on Olympiad of Metropolises)",CF,FINISHED,False,7200,1504702500,37543797
846,Educational Codeforces Round 28,ICPC,FINISHED,False,7200,1504623900,37622397
850,"Codeforces Round #432 (Div. 1, based on IndiaHacks Final Round 2017)",CF,FINISHED,False,9000,1504535700,37710597
851,"Codeforces Round #432 (Div. 2, based on IndiaHacks Final Round 2017)",CF,FINISHED,False,9000,1504535700,37710597
852,Bubble Cup X - Finals [Online Mirror],ICPC,FINISHED,False,18000,1504432800,37813497
848,Codeforces Round #431 (Div. 1),CF,FINISHED,False,7200,1504272900,37973397
849,Codeforces Round #431 (Div. 2),CF,FINISHED,False,7200,1504272900,37973397
842,Codeforces Round #430 (Div. 2),CF,FINISHED,False,7200,1504019100,38227197
843,AIM Tech Round 4 (Div. 1),CF,FINISHED,False,9000,1503592500,38653797
844,AIM Tech Round 4 (Div. 2),CF,FINISHED,False,9000,1503592500,38653797
845,Educational Codeforces Round 27,ICPC,FINISHED,False,7200,1503327900,38918397
840,Codeforces Round #429 (Div. 1),CF,FINISHED,False,7200,1503068700,39177597
841,Codeforces Round #429 (Div. 2),CF,FINISHED,False,7200,1503068700,39177597
839,Codeforces Round #428 (Div. 2),CF,FINISHED,False,7200,1502548500,39697797
838,"IndiaHacks 2nd Elimination 2017 (unofficial, unrated mirror, ICPC rules)",ICPC,FINISHED,False,10800,1502085900,40160397
837,Educational Codeforces Round 26,ICPC,FINISHED,False,7200,1501773300,40472997
835,Codeforces Round #427 (Div. 2),CF,FINISHED,False,7200,1501511700,40734597
833,Codeforces Round #426 (Div. 1),CF,FINISHED,False,7200,1501425300,40820997
834,Codeforces Round #426 (Div. 2),CF,FINISHED,False,7200,1501425300,40820997
832,Codeforces Round #425 (Div. 2),CF,FINISHED,False,7200,1500906900,41339397
825,Educational Codeforces Round 25,ICPC,FINISHED,False,7200,1500217500,42028797
830,"Codeforces Round #424 (Div. 1, rated, based on VK Cup Finals)",CF,FINISHED,False,7200,1499958300,42287997
831,"Codeforces Round #424 (Div. 2, rated, based on VK Cup Finals)",CF,FINISHED,False,7200,1499958300,42287997
827,"Codeforces Round #423 (Div. 1, rated, based on VK Cup Finals)",CF,FINISHED,False,7200,1499791500,42454797
828,"Codeforces Round #423 (Div. 2, rated, based on VK Cup Finals)",CF,FINISHED,False,7200,1499791500,42454797
823,VK Cup 2017 - Finals,CF,FINISHED,False,10800,1499587500,42658797
826,VK Cup 2017 - Finals (practice session),CF,FINISHED,False,4800,1499502000,42744297
822,Codeforces Round #422 (Div. 2),CF,FINISHED,False,7200,1499011500,43234797
818,Educational Codeforces Round 24,ICPC,FINISHED,False,8100,1498748700,43497597
819,Codeforces Round #421 (Div. 1),CF,FINISHED,False,7200,1498574100,43672197
820,Codeforces Round #421 (Div. 2),CF,FINISHED,False,7200,1498574100,43672197
821,Codeforces Round #420 (Div. 2),CF,FINISHED,False,8100,1498401300,43844997
815,Codeforces Round #419 (Div. 1),CF,FINISHED,False,7200,1497710100,44536197
816,Codeforces Round #419 (Div. 2),CF,FINISHED,False,7200,1497710100,44536197
817,Educational Codeforces Round 23,ICPC,FINISHED,False,8100,1497539100,44707197
814,Codeforces Round #418 (Div. 2),CF,FINISHED,False,7200,1496837700,45408597
813,Educational Codeforces Round 22,ICPC,FINISHED,False,7200,1496675100,45571197
812,Codeforces Round #417 (Div. 2),CF,FINISHED,False,7200,1496326500,45919797
802,"Helvetic Coding Contest 2017 online mirror (teams allowed, unrated)",ICPC,FINISHED,False,16200,1495958700,46287597
811,Codeforces Round #416 (Div. 2),CF,FINISHED,False,7200,1495877700,46368597
809,Codeforces Round #415 (Div. 1),CF,FINISHED,False,7200,1495303500,46942797
810,Codeforces Round #415 (Div. 2),CF,FINISHED,False,7200,1495303500,46942797
808,Educational Codeforces Round 21,ICPC,FINISHED,False,9000,1494860700,47385597
794,"Tinkoff Challenge - Final Round (Codeforces Round #414, rated, Div. 1 + Div. 2)",CF,FINISHED,False,7200,1494668100,47578197
799,"Playrix Codescapes Cup (Codeforces Round #413, rated, Div. 1 + Div. 2)",CF,FINISHED,False,7200,1494516900,47729397
773,VK Cup 2017 - Round 3,CF,FINISHED,False,10800,1494171900,48074397
806,"Codeforces Round #412 (rated, Div. 1, based on VK Cup 2017 Round 3)",CF,FINISHED,False,10800,1494171900,48074397
807,"Codeforces Round #412 (rated, Div. 2, base on VK Cup 2017 Round 3)",CF,FINISHED,False,10800,1494171900,48074397
804,Codeforces Round #411 (Div. 1),CF,FINISHED,False,7200,1493909400,48336897
805,Codeforces Round #411 (Div. 2),CF,FINISHED,False,7200,1493909400,48336897
803,Educational Codeforces Round 20,ICPC,FINISHED,False,8100,1493391900,48854397
775,VK Cup 2017 - Wild Card Round 2,IOI,FINISHED,False,604800,1493220900,49025397
793,Tinkoff Challenge - Elimination Round,CF,FINISHED,False,7200,1492965900,49280397
798,Codeforces Round #410 (Div. 2),CF,FINISHED,False,7200,1492785300,49460997
772,VK Cup 2017 - Round 2,CF,FINISHED,False,7200,1492356900,49889397
800,"Codeforces Round #409 (rated, Div. 1, based on VK Cup 2017 Round 2)",CF,FINISHED,False,7200,1492356900,49889397
801,"Codeforces Round #409 (rated, Div. 2, based on VK Cup 2017 Round 2)",CF,FINISHED,False,7200,1492356900,49889397
797,Educational Codeforces Round 19,ICPC,FINISHED,False,7200,1492266900,49979397
796,Codeforces Round #408 (Div. 2),CF,FINISHED,False,7200,1491842100,50404197
774,VK Cup 2017 - Wild Card Round 1,ICPC,FINISHED,False,7200,1491406500,50839797
795,VK Cup 2017 - Wild Card Round 1 (Unofficial Public Mirror),ICPC,FINISHED,False,7200,1491406500,50839797
784,April Fools Contest 2017,ICPC,FINISHED,False,7200,1490972400,51273897
788,Codeforces Round #407 (Div. 1),CF,FINISHED,False,7200,1490803500,51442797
789,Codeforces Round #407 (Div. 2),CF,FINISHED,False,7200,1490803500,51442797
792,Educational Codeforces Round 18,ICPC,FINISHED,False,7200,1490625300,51620997
786,Codeforces Round #406 (Div. 1),CF,FINISHED,False,7200,1490281500,51964797
787,Codeforces Round #406 (Div. 2),CF,FINISHED,False,7200,1490281500,51964797
771,VK Cup 2017 - Round 1,CF,FINISHED,False,7200,1489851300,52394997
790,"Codeforces Round #405 (rated, Div. 1, based on VK Cup 2017 Round 1)",CF,FINISHED,False,7200,1489851300,52394997
791,"Codeforces Round #405 (rated, Div. 2, based on VK Cup 2017 Round 1)",CF,FINISHED,False,7200,1489851300,52394997
785,Codeforces Round #404 (Div. 2),CF,FINISHED,False,7800,1489590300,52655997
770,VK Cup 2017 - Qualification 2,CF,FINISHED,False,86400,1489233600,53012697
781,"Codeforces Round #403 (Div. 1, based on Technocup 2017 Finals)",CF,FINISHED,False,7200,1488719100,53527197
782,"Codeforces Round #403 (Div. 2, based on Technocup 2017 Finals)",CF,FINISHED,False,7200,1488719100,53527197
780,Технокубок 2017 - Финал (только для онсайт-финалистов),CF,FINISHED,False,10800,1488705300,53540997
769,VK Cup 2017 - Qualification 1,CF,FINISHED,False,86400,1488628800,53617497
778,Codeforces Round #402 (Div. 1),CF,FINISHED,False,7200,1488096300,54149997
779,Codeforces Round #402 (Div. 2),CF,FINISHED,False,7200,1488096300,54149997
777,Codeforces Round #401 (Div. 2),CF,FINISHED,False,7200,1487930700,54315597
776,"ICM Technex 2017 and Codeforces Round #400 (Div. 1 + Div. 2, combined)",CF,FINISHED,False,7800,1487861100,54385197
768,"Divide by Zero 2017 and Codeforces Round #399 (Div. 1 + Div. 2, combined)",CF,FINISHED,False,9600,1487606700,54639597
767,Codeforces Round #398 (Div. 2),CF,FINISHED,False,7200,1487408700,54837597
765,Codeforces Round #397 by Kaspersky Lab and Barcelona Bootcamp (Div. 1 + Div. 2 combined),CF,FINISHED,False,10800,1487059500,55186797
766,Codeforces Round #396 (Div. 2),CF,FINISHED,False,7200,1486487100,55759197
763,Codeforces Round #395 (Div. 1),CF,FINISHED,False,7200,1486042500,56203797
764,Codeforces Round #395 (Div. 2),CF,FINISHED,False,7200,1486042500,56203797
761,Codeforces Round #394 (Div. 2),CF,FINISHED,False,7200,1485873300,56372997
762,Educational Codeforces Round 17,ICPC,FINISHED,False,7200,1485354900,56891397
756,8VC Venture Cup 2017 - Final Round,CF,FINISHED,False,7200,1485108900,57137397
759,Codeforces Round #393 (Div. 1) (8VC Venture Cup 2017 - Final Round Div. 1 Edition),CF,FINISHED,False,7200,1485108900,57137397
760,Codeforces Round #393 (Div. 2) (8VC Venture Cup 2017 - Final Round Div. 2 Edition),CF,FINISHED,False,7200,1485108900,57137397
758,Codeforces Round #392 (Div. 2),CF,FINISHED,False,7200,1484838300,57407997
755,8VC Venture Cup 2017 - Elimination Round,CF,FINISHED,False,7200,1484499900,57746397
757,"Codecraft-17 and Codeforces Round #391 (Div. 1 + Div. 2, combined)",CF,FINISHED,False,10800,1484235300,58010997
754,Codeforces Round #390 (Div. 2),CF,FINISHED,False,7200,1483713300,58532997
750,Good Bye 2016,CF,FINISHED,False,9000,1483107300,59138997
753,Testing Round #13,CF,FINISHED,False,4500,1483002300,59243997
748,Technocup 2017 - Elimination Round 3,CF,FINISHED,False,7200,1482656700,59589597
752,"Codeforces Round #389 (Div. 2, Rated, Based on Technocup 2017 - Elimination Round 3)",CF,FINISHED,False,7200,1482656700,59589597
751,Технокубок 2017 - Ознакомительный Раунд 3,CF,FINISHED,False,257400,1482395400,59850897
749,Codeforces Round #388 (Div. 2),CF,FINISHED,False,7200,1482165300,60080997
747,Codeforces Round #387 (Div. 2),CF,FINISHED,False,7200,1482113100,60133197
746,Codeforces Round #386 (Div. 2),CF,FINISHED,False,9000,1482057300,60188997
744,Codeforces Round #385 (Div. 1),CF,FINISHED,False,7200,1481992500,60253797
745,Codeforces Round #385 (Div. 2),CF,FINISHED,False,7200,1481992500,60253797
743,Codeforces Round #384 (Div. 2),CF,FINISHED,False,7200,1481726100,60520197
741,Codeforces Round #383 (Div. 1),CF,FINISHED,False,7200,1481034900,61211397
742,Codeforces Round #383 (Div. 2),CF,FINISHED,False,7200,1481034900,61211397
735,Codeforces Round #382 (Div. 2),CF,FINISHED,False,7200,1480264500,61981797
736,Codeforces Round #382 (Div. 1),CF,FINISHED,False,7200,1480264500,61981797
739,Codeforces Round #381 (Div. 1),CF,FINISHED,False,7200,1479918900,62327397
740,Codeforces Round #381 (Div. 2),CF,FINISHED,False,7200,1479918900,62327397
729,Technocup 2017 - Elimination Round 2,CF,FINISHED,False,7200,1479632700,62613597
737,"Codeforces Round #380 (Div. 1, Rated, Based on Technocup 2017 - Elimination Round 2)",CF,FINISHED,False,7200,1479632700,62613597
738,"Codeforces Round #380 (Div. 2, Rated, Based on Technocup 2017 - Elimination Round 2)",CF,FINISHED,False,7200,1479632700,62613597
728,Технокубок 2017 - Ознакомительный Раунд 2,CF,FINISHED,False,259200,1479369600,62876697
734,Codeforces Round #379 (Div. 2),CF,FINISHED,False,7200,1479227700,63018597
733,Codeforces Round #378 (Div. 2),CF,FINISHED,False,9000,1477922700,64323597
730,"2016-2017 ACM-ICPC, NEERC, Southern Subregional Contest (Online Mirror, ACM-ICPC Rules, Teams Preferred)",ICPC,FINISHED,False,18000,1477209600,65036697
725,Canada Cup 2016,CF,FINISHED,False,9000,1477148700,65097597
732,Codeforces Round #377 (Div. 2),CF,FINISHED,False,9000,1476714900,65531397
731,Codeforces Round #376 (Div. 2),CF,FINISHED,False,7200,1476611100,65635197
727,"Technocup 2017 - Elimination Round 1 (Unofficially Open for Everyone, Rated for Div. 2)",CF,FINISHED,False,7200,1476522300,65723997
726,Технокубок 2017 - Ознакомительный Раунд 1,CF,FINISHED,False,255600,1476262800,65983497
724,"Intel Code Challenge Final Round (Div. 1 + Div. 2, Combined)",CF,FINISHED,False,10800,1475928900,66317397
723,Codeforces Round #375 (Div. 2),CF,FINISHED,False,9000,1475494500,66751797
722,"Intel Code Challenge Elimination Round (Div. 1 + Div. 2, combined)",CF,FINISHED,False,7200,1475330700,66915597
721,Codeforces Round #374 (Div. 2),CF,FINISHED,False,7200,1475244300,67001997
718,Codeforces Round #373 (Div. 1),CF,FINISHED,False,7200,1474635900,67610397
719,Codeforces Round #373 (Div. 2),CF,FINISHED,False,7200,1474635900,67610397
720,"Russian Code Cup 2016 - Finals [Unofficial Mirror, Div. 1 Only Recommended]",ICPC,FINISHED,False,7200,1474196700,68049597
715,Codeforces Round #372 (Div. 1),CF,FINISHED,False,7200,1474119900,68126397
716,Codeforces Round #372 (Div. 2),CF,FINISHED,False,7200,1474119900,68126397
713,Codeforces Round #371 (Div. 1),CF,FINISHED,False,7200,1473784500,68461797
714,Codeforces Round #371 (Div. 2),CF,FINISHED,False,7200,1473784500,68461797
717,Bubble Cup 9 - Finals [Online Mirror],ICPC,FINISHED,False,18000,1473584400,68661897
712,Codeforces Round #370 (Div. 2),CF,FINISHED,False,8100,1473525900,68720397
711,Codeforces Round #369 (Div. 2),CF,FINISHED,False,7200,1472472300,69773997
708,AIM Tech Round 3 (Div. 1),CF,FINISHED,False,7200,1472056500,70189797
709,AIM Tech Round 3 (Div. 2),CF,FINISHED,False,7200,1472056500,70189797
710,Educational Codeforces Round 16,ICPC,FINISHED,False,7200,1471875000,70371297
707,Codeforces Round #368 (Div. 2),CF,FINISHED,False,7200,1471698300,70547997
706,Codeforces Round #367 (Div. 2),CF,FINISHED,False,7200,1470933300,71312997
704,Codeforces Round #366 (Div. 1),CF,FINISHED,False,7200,1470578700,71667597
705,Codeforces Round #366 (Div. 2),CF,FINISHED,False,7200,1470578700,71667597
703,Codeforces Round #365 (Div. 2),CF,FINISHED,False,8100,1470323700,71922597
702,Educational Codeforces Round 15,ICPC,FINISHED,False,7200,1469804400,72441897
700,Codeforces Round #364 (Div. 1),CF,FINISHED,False,7200,1469205300,73040997
701,Codeforces Round #364 (Div. 2),CF,FINISHED,False,7200,1469205300,73040997
698,Codeforces Round #363 (Div. 1),CF,FINISHED,False,8100,1468933500,73312797
699,Codeforces Round #363 (Div. 2),CF,FINISHED,False,8100,1468933500,73312797
696,Codeforces Round #362 (Div. 1),CF,FINISHED,False,8100,1468514100,73732197
697,Codeforces Round #362 (Div. 2),CF,FINISHED,False,8100,1468514100,73732197
691,Educational Codeforces Round 14,ICPC,FINISHED,False,7200,1468425600,73820697
690,"Helvetic Coding Contest 2016 online mirror (teams, unrated)",ICPC,FINISHED,False,16200,1468137600,74108697
689,Codeforces Round #361 (Div. 2),CF,FINISHED,False,7200,1467822900,74423397
695,VK Cup 2016 - Finals,CF,FINISHED,False,12600,1467534000,74712297
693,VK Cup 2016 - Finals (trial contest),CF,FINISHED,False,3600,1467447900,74798397
687,Codeforces Round #360 (Div. 1),CF,FINISHED,False,7200,1467219900,75026397
688,Codeforces Round #360 (Div. 2),CF,FINISHED,False,7200,1467219900,75026397
685,Codeforces Round #359 (Div. 1),CF,FINISHED,False,7200,1466699700,75546597
686,Codeforces Round #359 (Div. 2),CF,FINISHED,False,7200,1466699700,75546597
682,Codeforces Round #358 (Div. 2),CF,FINISHED,False,7200,1466181300,76064997
683,Surprise Language Round #8,ICPC,FINISHED,False,9000,1466092800,76153497
681,Codeforces Round #357 (Div. 2),CF,FINISHED,False,7200,1465922100,76324197
678,Educational Codeforces Round 13,ICPC,FINISHED,False,7200,1465834200,76412097
684,Codeforces Marathon Round 1,IOI,FINISHED,False,864000,1465722000,76524297
679,Codeforces Round #356 (Div. 1),CF,FINISHED,False,7200,1465403700,76842597
680,Codeforces Round #356 (Div. 2),CF,FINISHED,False,7200,1465403700,76842597
677,Codeforces Round #355 (Div. 2),CF,FINISHED,False,7200,1464798900,77447397
676,Codeforces Round #354 (Div. 2),CF,FINISHED,False,7200,1464188700,78057597
675,Codeforces Round #353 (Div. 2),CF,FINISHED,False,7200,1463416500,78829797
671,Codeforces Round #352 (Div. 1),CF,FINISHED,False,7200,1462984500,79261797
672,Codeforces Round #352 (Div. 2),CF,FINISHED,False,7200,1462984500,79261797
643,VK Cup 2016 - Round 3,CF,FINISHED,False,10800,1462633500,79612797
673,"Codeforces Round #351 (VK Cup 2016 Round 3, Div. 2 Edition)",CF,FINISHED,False,10800,1462633500,79612797
674,"Codeforces Round #351 (VK Cup 2016 Round 3, Div. 1 Edition)",CF,FINISHED,False,10800,1462633500,79612797
670,Codeforces Round #350 (Div. 2),CF,FINISHED,False,9000,1462464300,79781997
666,Codeforces Round #349 (Div. 1),CF,FINISHED,False,7200,1461947700,80298597
667,Codeforces Round #349 (Div. 2),CF,FINISHED,False,7200,1461947700,80298597
642,VK Cup 2016 - Wild Card Round 2,IOI,FINISHED,False,604800,1461596400,80649897
641,VK Cup 2016 - Round 2,CF,FINISHED,False,7200,1461515700,80730597
668,"Codeforces Round #348 (VK Cup 2016 Round 2, Div. 1 Edition)",CF,FINISHED,False,7200,1461515700,80730597
669,"Codeforces Round #348 (VK Cup 2016 Round 2, Div. 2 Edition)",CF,FINISHED,False,7200,1461515700,80730597
665,Educational Codeforces Round 12,ICPC,FINISHED,False,7200,1461164400,81081897
663,Codeforces Round #347 (Div. 1),CF,FINISHED,False,7200,1460824500,81421797
664,Codeforces Round #347 (Div. 2),CF,FINISHED,False,7200,1460824500,81421797
662,"CROC 2016 - Final Round [Private, For Onsite Finalists Only]",CF,FINISHED,False,7200,1460729700,81516597
640,VK Cup 2016 - Wild Card Round 1,ICPC,FINISHED,False,9000,1460306100,81940197
661,VK Cup 2016 - Wild Card Round 1 (Unofficial Open Online Mirror),ICPC,FINISHED,False,9000,1460306100,81940197
660,Educational Codeforces Round 11,ICPC,FINISHED,False,7200,1460127600,82118697
656,April Fools Day Contest 2016,ICPC,FINISHED,False,7200,1459526400,82719897
659,Codeforces Round #346 (Div. 2),CF,FINISHED,False,9000,1459353900,82892397
639,VK Cup 2016 - Round 1,CF,FINISHED,False,7200,1459182900,83063397
657,VK Cup 2016 - Round 1 (Div.1 Edition),CF,FINISHED,False,7200,1459182900,83063397
658,VK Cup 2016 - Round 1 (Div. 2 Edition),CF,FINISHED,False,7200,1459182900,83063397
649,Технокубок 2016 - Отборочный Раунд 2,CF,FINISHED,False,7200,1458975600,83270697
652,Educational Codeforces Round 10,ICPC,FINISHED,False,7200,1458910800,83335497
647,Технокубок 2016 - Ознакомительный Раунд 2,CF,FINISHED,False,172800,1458799200,83447097
648,Технокубок 2016 - Отборочный Раунд 1,CF,FINISHED,False,7200,1458745200,83501097
646,Технокубок 2016 - Ознакомительный Раунд 1,CF,FINISHED,False,172800,1458568800,83677497
638,VK Cup 2016 - Qualification Round 2,CF,FINISHED,False,86400,1458475200,83771097
653,IndiaHacks 2016 - Online Edition (Div. 1 + Div. 2),CF,FINISHED,False,7200,1458376500,83869797
645,CROC 2016 - Elimination Round,CF,FINISHED,False,7200,1458318900,83927397
655,CROC 2016 - Elimination Round  (Rated Unofficial Edition),CF,FINISHED,False,7200,1458318900,83927397
644,CROC 2016 - Qualification,CF,FINISHED,False,172800,1458118800,84127497
637,VK Cup 2016 - Qualification Round 1,CF,FINISHED,False,86400,1457870400,84375897
650,Codeforces Round #345 (Div. 1),CF,FINISHED,False,7200,1457342700,84903597
651,Codeforces Round #345 (Div. 2),CF,FINISHED,False,7200,1457342700,84903597
631,Codeforces Round #344 (Div. 2),CF,FINISHED,False,7200,1457022900,85223397
632,Educational Codeforces Round 9,ICPC,FINISHED,False,7200,1456844400,85401897
636,VeeRoute Marathon,IOI,FINISHED,False,1209600,1456765200,85481097
627,8VC Venture Cup 2016 - Final Round,CF,FINISHED,False,7200,1456683000,85563297
634,8VC Venture Cup 2016 - Final Round (Div. 1 Edition),CF,FINISHED,False,7200,1456683000,85563297
635,8VC Venture Cup 2016 - Final Round (Div. 2 Edition),CF,FINISHED,False,7200,1456683000,85563297
633,"Manthan, Codefest 16",CF,FINISHED,False,9000,1456506900,85739397
629,Codeforces Round #343 (Div. 2),CF,FINISHED,False,7200,1455986100,86260197
628,Educational Codeforces Round 8,ICPC,FINISHED,False,7200,1455894000,86352297
630,Experimental Educational Round: VolBIT Formulas Blitz,ICPC,FINISHED,False,10800,1455807600,86438697
626,8VC Venture Cup 2016 - Elimination Round,CF,FINISHED,False,9000,1455384900,86861397
622,Educational Codeforces Round 7,ICPC,FINISHED,False,7200,1455116400,87129897
625,Codeforces Round #342 (Div. 2),CF,FINISHED,False,7200,1454835900,87410397
623,AIM Tech Round (Div. 1),CF,FINISHED,False,7200,1454605500,87640797
624,AIM Tech Round (Div. 2),CF,FINISHED,False,7200,1454605500,87640797
621,Codeforces Round #341 (Div. 2),CF,FINISHED,False,7200,1454249100,87997197
618,Wunder Fund Round 2016 (Div. 1 + Div. 2 combined),CF,FINISHED,False,7200,1454087400,88158897
617,Codeforces Round #340 (Div. 2),CF,FINISHED,False,7200,1453563300,88682997
620,Educational Codeforces Round 6,ICPC,FINISHED,False,7200,1453388400,88857897
613,Codeforces Round #339 (Div. 1),CF,FINISHED,False,7200,1452789300,89456997
614,Codeforces Round #339 (Div. 2),CF,FINISHED,False,7200,1452789300,89456997
616,Educational Codeforces Round 5,ICPC,FINISHED,False,7200,1452524400,89721897
615,Codeforces Round #338 (Div. 2),CF,FINISHED,False,7200,1452261900,89984397
611,Good Bye 2015,CF,FINISHED,False,10800,1451487900,90758397
610,Codeforces Round #337 (Div. 2),CF,FINISHED,False,7200,1451215200,91031097
612,Educational Codeforces Round 4,ICPC,FINISHED,False,7200,1451055600,91190697
607,Codeforces Round #336 (Div. 1),CF,FINISHED,False,7200,1450888500,91357797
608,Codeforces Round #336 (Div. 2),CF,FINISHED,False,7200,1450888500,91357797
609,Educational Codeforces Round 3,ICPC,FINISHED,False,7200,1450537200,91709097
605,Codeforces Round #335 (Div. 1),CF,FINISHED,False,7200,1449677100,92569197
606,Codeforces Round #335 (Div. 2),CF,FINISHED,False,7200,1449677100,92569197
603,Codeforces Round #334 (Div. 1),CF,FINISHED,False,7200,1448984100,93262197
604,Codeforces Round #334 (Div. 2),CF,FINISHED,False,7200,1448984100,93262197
600,Educational Codeforces Round 2,ICPC,FINISHED,False,7200,1448636400,93609897
601,Codeforces Round #333 (Div. 1),CF,FINISHED,False,7200,1448382900,93863397
602,Codeforces Round #333 (Div. 2),CF,FINISHED,False,7200,1448382900,93863397
599,Codeforces Round #332 (Div. 2),CF,FINISHED,False,7200,1448037300,94208997
596,Codeforces Round #331 (Div. 2),CF,FINISHED,False,7200,1447605300,94640997
598,Educational Codeforces Round 1,ICPC,FINISHED,False,7200,1447426800,94819497
597,Testing Round #12,CF,FINISHED,False,5400,1447264800,94981497
594,Codeforces Round #330 (Div. 1),CF,FINISHED,False,7200,1447000200,95246097
595,Codeforces Round #330 (Div. 2),CF,FINISHED,False,7200,1447000200,95246097
593,Codeforces Round #329 (Div. 2),CF,FINISHED,False,7200,1446655500,95590797
592,Codeforces Round #328 (Div. 2),CF,FINISHED,False,7200,1446309000,95937297
590,Codeforces Round #327 (Div. 1),CF,FINISHED,False,7200,1445763600,96482697
591,Codeforces Round #327 (Div. 2),CF,FINISHED,False,7200,1445763600,96482697
589,"2015-2016 ACM-ICPC, NEERC, Southern Subregional Contest (Online Mirror, ACM-ICPC Rules, Teams Preferred)",ICPC,FINISHED,False,18000,1445068800,97177497
587,Codeforces Round #326 (Div. 1),CF,FINISHED,False,9000,1444926600,97319697
588,Codeforces Round #326 (Div. 2),CF,FINISHED,False,9000,1444926600,97319697
585,Codeforces Round #325 (Div. 1),CF,FINISHED,False,7200,1444641000,97605297
586,Codeforces Round #325 (Div. 2),CF,FINISHED,False,7200,1444641000,97605297
584,Codeforces Round #324 (Div. 2),CF,FINISHED,False,7200,1444149000,98097297
582,Codeforces Round #323 (Div. 1),CF,FINISHED,False,7200,1443890700,98355597
583,Codeforces Round #323 (Div. 2),CF,FINISHED,False,7200,1443890700,98355597
581,Codeforces Round #322 (Div. 2),CF,FINISHED,False,7200,1443430800,98815497
580,Codeforces Round #321 (Div. 2),CF,FINISHED,False,7200,1442939400,99306897
578,Codeforces Round #320 (Div. 1) [Bayan Thanks-Round],CF,FINISHED,False,9000,1442416500,99829797
579,Codeforces Round #320 (Div. 2) [Bayan Thanks-Round],CF,FINISHED,False,9000,1442416500,99829797
576,Codeforces Round #319 (Div. 1),CF,FINISHED,False,7800,1441902600,100343697
577,Codeforces Round #319 (Div. 2),CF,FINISHED,False,7800,1441902600,100343697
575,Bubble Cup 8 - Finals [Online Mirror],ICPC,FINISHED,False,18000,1441526400,100719897
573,Codeforces Round #318 [RussianCodeCup Thanks-Round] (Div. 1),CF,FINISHED,False,7800,1440865800,101380497
574,Codeforces Round #318 [RussianCodeCup Thanks-Round] (Div. 2),CF,FINISHED,False,7800,1440865800,101380497
571,Codeforces Round #317 [AimFund Thanks-Round] (Div. 1),CF,FINISHED,False,7200,1440261000,101985297
572,Codeforces Round #317 [AimFund Thanks-Round] (Div. 2),CF,FINISHED,False,7200,1440261000,101985297
570,Codeforces Round #316 (Div. 2),CF,FINISHED,False,7200,1439483400,102762897
568,Codeforces Round #315 (Div. 1),CF,FINISHED,False,7200,1439224200,103022097
569,Codeforces Round #315 (Div. 2),CF,FINISHED,False,7200,1439224200,103022097
567,Codeforces Round #Pi (Div. 2),CF,FINISHED,False,9000,1438790400,103455897
566,"VK Cup 2015 - Finals, online mirror",CF,FINISHED,False,10800,1438273200,103973097
562,VK Cup 2015 - Finals,CF,FINISHED,False,10800,1437898500,104347797
559,Codeforces Round #313 (Div. 1),CF,FINISHED,False,7200,1437573600,104672697
560,Codeforces Round #313 (Div. 2),CF,FINISHED,False,7200,1437573600,104672697
558,Codeforces Round #312 (Div. 2),CF,FINISHED,False,7200,1436886600,105359697
557,Codeforces Round #311 (Div. 2),CF,FINISHED,False,7200,1435676400,106569897
555,Codeforces Round #310 (Div. 1),CF,FINISHED,False,7200,1435414200,106832097
556,Codeforces Round #310 (Div. 2),CF,FINISHED,False,7200,1435414200,106832097
553,Codeforces Round #309 (Div. 1),CF,FINISHED,False,7800,1435163400,107082897
554,Codeforces Round #309 (Div. 2),CF,FINISHED,False,7800,1435163400,107082897
552,Codeforces Round #308 (Div. 2),CF,FINISHED,False,7200,1434645000,107601297
551,Codeforces Round #307 (Div. 2),CF,FINISHED,False,7200,1434127500,108118797
549,Looksery Cup 2015,CF,FINISHED,False,9000,1433595600,108650697
550,Codeforces Round #306 (Div. 2),CF,FINISHED,False,7200,1433435400,108810897
547,Codeforces Round #305 (Div. 1),CF,FINISHED,False,7200,1432658100,109588197
548,Codeforces Round #305 (Div. 2),CF,FINISHED,False,7200,1432658100,109588197
546,Codeforces Round #304 (Div. 2),CF,FINISHED,False,7200,1432312200,109934097
545,Codeforces Round #303 (Div. 2),CF,FINISHED,False,7200,1432053000,110193297
543,Codeforces Round #302 (Div. 1),CF,FINISHED,False,7200,1431016200,111230097
544,Codeforces Round #302 (Div. 2),CF,FINISHED,False,7200,1431016200,111230097
541,VK Cup 2015 - Раунд 3,CF,FINISHED,False,9000,1430668800,111577497
542,"VK Cup 2015 - Round 3 (unofficial online mirror, Div. 1 only)",CF,FINISHED,False,9000,1430668800,111577497
540,Codeforces Round #301 (Div. 2),CF,FINISHED,False,7200,1430411400,111834897
538,Codeforces Round #300,CF,FINISHED,False,9000,1430064000,112182297
537,VK Cup 2015 - Wild Card Round 2,IOI,FINISHED,False,604800,1429381800,112864497
532,VK Cup 2015 - Round 2,CF,FINISHED,False,9000,1429286400,112959897
533,"VK Cup 2015 - Round 2 (unofficial online mirror, Div. 1 only)",CF,FINISHED,False,9000,1429286400,112959897
535,Codeforces Round #299 (Div. 2),CF,FINISHED,False,7200,1429029300,113216997
536,Codeforces Round #299 (Div. 1),CF,FINISHED,False,7200,1429029300,113216997
534,Codeforces Round #298 (Div. 2),CF,FINISHED,False,9000,1428854400,113391897
526,ZeptoLab Code Rush 2015,CF,FINISHED,False,9000,1428165300,114080997
530,VK Cup 2015 - Wild Card Round 1,ICPC,FINISHED,False,9000,1427562000,114684297
531,VK Cup 2015 - Wild Card Round 1 (Online Mirror),ICPC,FINISHED,False,9000,1427562000,114684297
525,Codeforces Round #297 (Div. 2),CF,FINISHED,False,7200,1427387400,114858897
529,"VK Cup 2015 - Round 1 (unofficial online mirror, Div. 1 only)",CF,FINISHED,False,7200,1426956300,115289997
524,VK Cup 2015 - Round 1,CF,FINISHED,False,7200,1426946400,115299897
527,Codeforces Round #296 (Div. 2),CF,FINISHED,False,7200,1426610700,115635597
528,Codeforces Round #296 (Div. 1),CF,FINISHED,False,7200,1426610700,115635597
523,VK Cup 2015 - Qualification Round 2,CF,FINISHED,False,86400,1426345200,115901097
522,VK Cup 2015 - Qualification Round 1,CF,FINISHED,False,86400,1425740400,116505897
520,Codeforces Round #295 (Div. 2),CF,FINISHED,False,7500,1425279600,116966697
521,Codeforces Round #295 (Div. 1),CF,FINISHED,False,7500,1425279600,116966697
519,Codeforces Round #294 (Div. 2),CF,FINISHED,False,7200,1425128400,117117897
518,Codeforces Round #293 (Div. 2),CF,FINISHED,False,9000,1424795400,117450897
515,Codeforces Round #292 (Div. 2),CF,FINISHED,False,7200,1424190900,118055397
516,Codeforces Round #292 (Div. 1),CF,FINISHED,False,7200,1424190900,118055397
514,Codeforces Round #291 (Div. 2),CF,FINISHED,False,7200,1423931400,118314897
513,Rockethon 2015,ICPC,FINISHED,False,11700,1423328400,118917897
512,Codeforces Round #290 (Div. 1),CF,FINISHED,False,7500,1422894600,119351697
510,Codeforces Round #290 (Div. 2),CF,FINISHED,False,7500,1422894600,119351697
509,"Codeforces Round #289 (Div. 2, ACM ICPC Rules)",ICPC,FINISHED,False,10800,1422705600,119540697
508,Codeforces Round #288 (Div. 2),CF,FINISHED,False,7200,1422376200,119870097
507,Codeforces Round #287 (Div. 2),CF,FINISHED,False,7200,1422028800,120217497
505,Codeforces Round #286 (Div. 2),CF,FINISHED,False,7200,1421586000,120660297
506,Codeforces Round #286 (Div. 1),CF,FINISHED,False,7200,1421586000,120660297
501,Codeforces Round #285 (Div. 2),CF,FINISHED,False,7200,1421053200,121193097
504,Codeforces Round #285 (Div. 1),CF,FINISHED,False,7200,1421053200,121193097
500,Good Bye 2014,CF,FINISHED,False,9000,1419951600,122294697
498,Codeforces Round #284 (Div. 1),CF,FINISHED,False,7200,1419438600,122807697
499,Codeforces Round #284 (Div. 2),CF,FINISHED,False,7200,1419438600,122807697
496,Codeforces Round #283 (Div. 2),CF,FINISHED,False,7200,1418833800,123412497
497,Codeforces Round #283 (Div. 1),CF,FINISHED,False,7200,1418833800,123412497
494,Codeforces Round #282 (Div. 1),CF,FINISHED,False,7200,1418488200,123758097
495,Codeforces Round #282 (Div. 2),CF,FINISHED,False,7200,1418488200,123758097
493,Codeforces Round #281 (Div. 2),CF,FINISHED,False,7200,1417618800,124627497
492,Codeforces Round #280 (Div. 2),CF,FINISHED,False,7200,1417451400,124794897
490,Codeforces Round #279 (Div. 2),CF,FINISHED,False,9000,1416733800,125512497
487,Codeforces Round #278 (Div. 1),CF,FINISHED,False,7200,1416590400,125655897
488,Codeforces Round #278 (Div. 2),CF,FINISHED,False,7200,1416590400,125655897
491,Testing Round #11,CF,FINISHED,False,5400,1416519000,125727297
489,Codeforces Round #277.5 (Div. 2),CF,FINISHED,False,9000,1416238500,126007797
486,Codeforces Round #277 (Div. 2),CF,FINISHED,False,7200,1415718000,126528297
484,Codeforces Round #276 (Div. 1),CF,FINISHED,False,9000,1415205000,127041297
485,Codeforces Round #276 (Div. 2),CF,FINISHED,False,9000,1415205000,127041297
482,Codeforces Round #275 (Div. 1),CF,FINISHED,False,7800,1414170000,128076297
483,Codeforces Round #275 (Div. 2),CF,FINISHED,False,7800,1414170000,128076297
479,Codeforces Round #274 (Div. 2),CF,FINISHED,False,7200,1413709200,128537097
480,Codeforces Round #274 (Div. 1),CF,FINISHED,False,7200,1413709200,128537097
478,Codeforces Round #273 (Div. 2),CF,FINISHED,False,7200,1413474000,128772297
476,Codeforces Round #272 (Div. 2),CF,FINISHED,False,7200,1413122400,129123897
477,Codeforces Round #272 (Div. 1),CF,FINISHED,False,7200,1413122400,129123897
474,Codeforces Round #271 (Div. 2),CF,FINISHED,False,9000,1412609400,129636897
475,Bayan 2015 Contest Warm Up,CF,FINISHED,False,10800,1412514000,129732297
472,Codeforces Round #270,CF,FINISHED,False,9000,1411918500,130327797
471,Codeforces Round #269 (Div. 2),CF,FINISHED,False,7200,1411745400,130500897
468,Codeforces Round #268 (Div. 1),CF,FINISHED,False,7200,1411218000,131028297
469,Codeforces Round #268 (Div. 2),CF,FINISHED,False,7200,1411218000,131028297
467,Codeforces Round #267 (Div. 2),CF,FINISHED,False,7200,1411054200,131192097
470,Surprise Language Round #7,ICPC,FINISHED,False,7200,1410622200,131624097
466,Codeforces Round #266 (Div. 2),CF,FINISHED,False,7200,1410535800,131710497
464,Codeforces Round #265 (Div. 1),CF,FINISHED,False,7200,1410103800,132142497
465,Codeforces Round #265 (Div. 2),CF,FINISHED,False,7200,1410103800,132142497
463,Codeforces Round #264 (Div. 2),CF,FINISHED,False,7200,1409383800,132862497
461,Codeforces Round #263 (Div. 1),CF,FINISHED,False,7200,1409061600,133184697
462,Codeforces Round #263 (Div. 2),CF,FINISHED,False,7200,1409061600,133184697
460,Codeforces Round #262 (Div. 2),CF,FINISHED,False,7200,1408548600,133697697
459,Codeforces Round #261 (Div. 2),CF,FINISHED,False,7200,1408116600,134129697
457,MemSQL Start[c]UP 2.0 - Round 2,CF,FINISHED,False,10800,1407690000,134556297
458,MemSQL Start[c]UP 2.0 - Round 2 - Online Round,CF,FINISHED,False,10800,1407690000,134556297
455,Codeforces Round #260 (Div. 1),CF,FINISHED,False,7200,1407511800,134734497
456,Codeforces Round #260 (Div. 2),CF,FINISHED,False,7200,1407511800,134734497
453,Codeforces Round #259 (Div. 1),CF,FINISHED,False,7200,1406907000,135339297
454,Codeforces Round #259 (Div. 2),CF,FINISHED,False,7200,1406907000,135339297
452,MemSQL Start[c]UP 2.0 - Round 1,CF,FINISHED,False,9000,1406480400,135765897
451,Codeforces Round #258 (Div. 2),CF,FINISHED,False,7200,1406215800,136030497
449,Codeforces Round #257 (Div. 1),CF,FINISHED,False,7200,1405774800,136471497
450,Codeforces Round #257 (Div. 2),CF,FINISHED,False,7200,1405774800,136471497
448,Codeforces Round #256 (Div. 2),CF,FINISHED,False,7200,1405605600,136640697
446,Codeforces Round #FF (Div. 1),CF,FINISHED,False,7200,1405256400,136989897
447,Codeforces Round #FF (Div. 2),CF,FINISHED,False,7200,1405256400,136989897
444,Codeforces Round #254 (Div. 1),CF,FINISHED,False,7200,1404651900,137594397
445,Codeforces Round #254 (Div. 2),CF,FINISHED,False,7200,1404651900,137594397
442,Codeforces Round #253 (Div. 1),CF,FINISHED,False,7200,1403191800,139054497
443,Codeforces Round #253 (Div. 2),CF,FINISHED,False,7200,1403191800,139054497
436,Zepto Code Rush 2014,CF,FINISHED,False,9000,1402673400,139572897
441,Codeforces Round #252 (Div. 2),CF,FINISHED,False,7200,1402241400,140004897
439,Codeforces Round #251 (Div. 2),CF,FINISHED,False,7200,1401895800,140350497
440,Testing Round #10,CF,FINISHED,False,5400,1401809400,140436897
437,Codeforces Round #250 (Div. 2),CF,FINISHED,False,7200,1401627600,140618697
438,Codeforces Round #250 (Div. 1),CF,FINISHED,False,7200,1401627600,140618697
435,Codeforces Round #249 (Div. 2),CF,FINISHED,False,7200,1401463800,140782497
433,Codeforces Round #248 (Div. 2),CF,FINISHED,False,7200,1400914800,141331497
434,Codeforces Round #248 (Div. 1),CF,FINISHED,False,7200,1400914800,141331497
431,Codeforces Round #247 (Div. 2),CF,FINISHED,False,7200,1400686200,141560097
432,Codeforces Round #246 (Div. 2),CF,FINISHED,False,7200,1400167800,142078497
429,Codeforces Round #245 (Div. 1),CF,FINISHED,False,7200,1399822800,142423497
430,Codeforces Round #245 (Div. 2),CF,FINISHED,False,7200,1399822800,142423497
427,Codeforces Round #244 (Div. 2),CF,FINISHED,False,7200,1399044600,143201697
425,Codeforces Round #243 (Div. 1),CF,FINISHED,False,7200,1398612600,143633697
426,Codeforces Round #243 (Div. 2),CF,FINISHED,False,7200,1398612600,143633697
424,Codeforces Round #242 (Div. 2),CF,FINISHED,False,7200,1398409200,143837097
419,Coder-Strike 2014 - Finals,CF,FINISHED,False,7200,1398169200,144077097
420,"Coder-Strike 2014 - Finals (online edition, Div. 1)",CF,FINISHED,False,7200,1398169140,144077157
421,"Coder-Strike 2014 - Finals (online edition, Div. 2)",CF,FINISHED,False,7200,1398168900,144077397
413,Coder-Strike 2014 - Round 2,CF,FINISHED,False,7200,1397977200,144269097
412,Coder-Strike 2014 - Round 1,CF,FINISHED,False,7200,1397837400,144408897
417,RCC 2014 Warmup (Div. 2),CF,FINISHED,False,7200,1397749200,144497097
418,RCC 2014 Warmup (Div. 1),CF,FINISHED,False,7200,1397749200,144497097
411,Coder-Strike 2014 - Qualification Round,ICPC,FINISHED,False,86400,1397505600,144740697
416,Codeforces Round #241 (Div. 2),CF,FINISHED,False,7200,1397376000,144870297
414,Codeforces Round #240 (Div. 1),CF,FINISHED,False,7200,1396798800,145447497
415,Codeforces Round #240 (Div. 2),CF,FINISHED,False,7200,1396798800,145447497
409,April Fools Day Contest 2014,ICPC,FINISHED,False,7200,1396366200,145880097
407,Codeforces Round #239 (Div. 1),CF,FINISHED,False,7200,1396162800,146083497
408,Codeforces Round #239 (Div. 2),CF,FINISHED,False,7200,1396162800,146083497
405,Codeforces Round #238 (Div. 2),CF,FINISHED,False,7200,1395502200,146744097
406,Codeforces Round #238 (Div. 1),CF,FINISHED,False,7200,1395502200,146744097
404,Codeforces Round #237 (Div. 2),CF,FINISHED,False,7200,1395243000,147003297
402,Codeforces Round #236 (Div. 2),CF,FINISHED,False,7200,1394983800,147262497
403,Codeforces Round #236 (Div. 1),CF,FINISHED,False,7200,1394983800,147262497
401,Codeforces Round #235 (Div. 2),CF,FINISHED,False,7200,1394465400,147780897
400,Codeforces Round #234 (Div. 2),CF,FINISHED,False,7200,1394033400,148212897
398,Codeforces Round #233 (Div. 1),CF,FINISHED,False,7200,1393687800,148558497
399,Codeforces Round #233 (Div. 2),CF,FINISHED,False,7200,1393687800,148558497
396,Codeforces Round #232 (Div. 1),CF,FINISHED,False,7200,1393428600,148817697
397,Codeforces Round #232 (Div. 2),CF,FINISHED,False,7200,1393428600,148817697
394,Codeforces Round #231 (Div. 2),CF,FINISHED,False,7200,1392910200,149336097
392,Codeforces Round #230 (Div. 1),CF,FINISHED,False,7200,1392728400,149517897
393,Codeforces Round #230 (Div. 2),CF,FINISHED,False,7200,1392728400,149517897
391,Rockethon 2014,ICPC,FINISHED,False,10800,1392573600,149672697
390,Codeforces Round #229 (Div. 2),CF,FINISHED,False,7200,1392132600,150113697
388,Codeforces Round #228 (Div. 1),CF,FINISHED,False,7500,1391442000,150804297
389,Codeforces Round #228 (Div. 2),CF,FINISHED,False,7500,1391442000,150804297
387,Codeforces Round #227 (Div. 2),CF,FINISHED,False,7800,1391095800,151150497
385,Codeforces Round #226 (Div. 2),CF,FINISHED,False,7200,1390577700,151668597
383,Codeforces Round #225 (Div. 1),CF,FINISHED,False,7200,1390231800,152014497
384,Codeforces Round #225 (Div. 2),CF,FINISHED,False,7200,1390231800,152014497
382,Codeforces Round #224 (Div. 2),CF,FINISHED,False,7200,1389972600,152273697
386,Testing Round #9,CF,FINISHED,False,5400,1389906900,152339397
380,Codeforces Round #223 (Div. 1),CF,FINISHED,False,7200,1389540600,152705697
381,Codeforces Round #223 (Div. 2),CF,FINISHED,False,7200,1389540600,152705697
379,Good Bye 2013,CF,FINISHED,False,7200,1388417400,153828897
377,Codeforces Round #222 (Div. 1),CF,FINISHED,False,7200,1388331000,153915297
378,Codeforces Round #222 (Div. 2),CF,FINISHED,False,7200,1388331000,153915297
375,Codeforces Round #221 (Div. 1),CF,FINISHED,False,7200,1387893600,154352697
376,Codeforces Round #221 (Div. 2),CF,FINISHED,False,7200,1387893600,154352697
374,Codeforces Round #220 (Div. 2),CF,FINISHED,False,7200,1387380600,154865697
372,Codeforces Round #219 (Div. 1),CF,FINISHED,False,7200,1386943200,155303097
373,Codeforces Round #219 (Div. 2),CF,FINISHED,False,7200,1386943200,155303097
371,Codeforces Round #218 (Div. 2),CF,FINISHED,False,7200,1386493200,155753097
370,Codeforces Round #217 (Div. 2),CF,FINISHED,False,7200,1386399600,155846697
369,Codeforces Round #216 (Div. 2),CF,FINISHED,False,7200,1385739000,156507297
367,Codeforces Round #215 (Div. 1),CF,FINISHED,False,7200,1385479800,156766497
368,Codeforces Round #215 (Div. 2),CF,FINISHED,False,7200,1385479800,156766497
366,Codeforces Round #214 (Div. 2),CF,FINISHED,False,7200,1385307000,156939297
364,Codeforces Round #213 (Div. 1),CF,FINISHED,False,7500,1384875000,157371297
365,Codeforces Round #213 (Div. 2),CF,FINISHED,False,7500,1384875000,157371297
362,Codeforces Round #212 (Div. 2),CF,FINISHED,False,7200,1384443000,157803297
363,Codeforces Round #211 (Div. 2),CF,FINISHED,False,7200,1384156800,158089497
360,Codeforces Round #210 (Div. 1),CF,FINISHED,False,7200,1384102800,158143497
361,Codeforces Round #210 (Div. 2),CF,FINISHED,False,7200,1384102800,158143497
359,Codeforces Round #209 (Div. 2),CF,FINISHED,False,7200,1383379200,158867097
358,Codeforces Round #208 (Div. 2),CF,FINISHED,False,7200,1382715000,159531297
356,Codeforces Round #207 (Div. 1),CF,FINISHED,False,7200,1381838400,160407897
357,Codeforces Round #207 (Div. 2),CF,FINISHED,False,7200,1381838400,160407897
354,Codeforces Round #206 (Div. 1),CF,FINISHED,False,7200,1381678200,160568097
355,Codeforces Round #206 (Div. 2),CF,FINISHED,False,7200,1381678200,160568097
353,Codeforces Round #205 (Div. 2),CF,FINISHED,False,7200,1381419000,160827297
351,Codeforces Round #204 (Div. 1),CF,FINISHED,False,7200,1380900600,161345697
352,Codeforces Round #204 (Div. 2),CF,FINISHED,False,7200,1380900600,161345697
350,Codeforces Round #203 (Div. 2),CF,FINISHED,False,7200,1380641400,161604897
348,Codeforces Round #202 (Div. 1),CF,FINISHED,False,7200,1380295800,161950497
349,Codeforces Round #202 (Div. 2),CF,FINISHED,False,7200,1380295800,161950497
346,Codeforces Round #201 (Div. 1),CF,FINISHED,False,7200,1379691000,162555297
347,Codeforces Round #201 (Div. 2),CF,FINISHED,False,7200,1379691000,162555297
343,Codeforces Round #200 (Div. 1),CF,FINISHED,False,7800,1379172600,163073697
344,Codeforces Round #200 (Div. 2),CF,FINISHED,False,7800,1379172600,163073697
345,"Friday the 13th, Programmers Day",ICPC,FINISHED,False,7200,1379086800,163159497
342,Codeforces Round #199 (Div. 2),CF,FINISHED,False,7200,1378540800,163705497
340,Codeforces Round #198 (Div. 2),CF,FINISHED,False,7200,1377876600,164369697
341,Codeforces Round #198 (Div. 1),CF,FINISHED,False,7200,1377876600,164369697
339,Codeforces Round #197 (Div. 2),CF,FINISHED,False,7200,1377531000,164715297
337,Codeforces Round #196 (Div. 2),CF,FINISHED,False,7200,1376668800,165577497
338,Codeforces Round #196 (Div. 1),CF,FINISHED,False,7200,1376668800,165577497
336,Codeforces Round #195 (Div. 2),CF,FINISHED,False,7200,1376062200,166184097
326,MemSQL start[c]up Round 2,CF,FINISHED,False,10800,1375549200,166697097
335,MemSQL start[c]up Round 2 - online version,CF,FINISHED,False,10800,1375549200,166697097
333,Codeforces Round #194 (Div. 1),CF,FINISHED,False,7200,1374913800,167332497
334,Codeforces Round #194 (Div. 2),CF,FINISHED,False,7200,1374913800,167332497
332,Codeforces Round #193 (Div. 2),CF,FINISHED,False,8100,1374679800,167566497
329,Codeforces Round #192 (Div. 1),CF,FINISHED,False,7200,1374327000,167919297
330,Codeforces Round #192 (Div. 2),CF,FINISHED,False,7200,1374327000,167919297
331,ABBYY Cup 3.0 - Finals (online version),ICPC,FINISHED,False,8100,1374075000,168171297
324,ABBYY Cup 3.0 - Finals,ICPC,FINISHED,False,7200,1374043200,168203097
325,MemSQL start[c]up Round 1,CF,FINISHED,False,7200,1373734800,168511497
328,Testing Round #8,CF,FINISHED,False,3600,1373662800,168583497
327,Codeforces Round #191 (Div. 2),CF,FINISHED,False,7200,1372941000,169305297
321,Codeforces Round #190 (Div. 1),CF,FINISHED,False,7200,1372433400,169812897
322,Codeforces Round #190 (Div. 2),CF,FINISHED,False,7200,1372433400,169812897
323,Testing Round #7,CF,FINISHED,False,3600,1372363200,169883097
319,Codeforces Round #189 (Div. 1),CF,FINISHED,False,7800,1371992400,170253897
320,Codeforces Round #189 (Div. 2),CF,FINISHED,False,7800,1371992400,170253897
317,Codeforces Round #188 (Div. 1),CF,FINISHED,False,7200,1371223800,171022497
318,Codeforces Round #188 (Div. 2),CF,FINISHED,False,7200,1371223800,171022497
316,ABBYY Cup 3.0,ICPC,FINISHED,False,14400,1371042000,171204297
314,Codeforces Round #187 (Div. 1),CF,FINISHED,False,7200,1370619000,171627297
315,Codeforces Round #187 (Div. 2),CF,FINISHED,False,7200,1370619000,171627297
313,Codeforces Round #186 (Div. 2),CF,FINISHED,False,7200,1369927800,172318497
311,Codeforces Round #185 (Div. 1),CF,FINISHED,False,7200,1369582200,172664097
312,Codeforces Round #185 (Div. 2),CF,FINISHED,False,7200,1369582200,172664097
305,Codeforces Round #184 (Div. 2),CF,FINISHED,False,7200,1368968400,173277897
309,"Croc Champ 2013 - Finals (online version, Div. 1)",CF,FINISHED,False,9000,1368803400,173442897
308,Croc Champ 2013 - Finals,CF,FINISHED,False,9000,1368784800,173461497
303,Codeforces Round #183 (Div. 1),CF,FINISHED,False,7200,1368363600,173882697
304,Codeforces Round #183 (Div. 2),CF,FINISHED,False,7200,1368363600,173882697
306,Testing Round #6,CF,FINISHED,False,6000,1368302400,173943897
301,Codeforces Round #182 (Div. 1),CF,FINISHED,False,7200,1367769900,174476397
302,Codeforces Round #182 (Div. 2),CF,FINISHED,False,7200,1367769900,174476397
300,Codeforces Round #181 (Div. 2),CF,FINISHED,False,7200,1366903800,175342497
293,Croc Champ 2013 - Round 2,CF,FINISHED,False,7800,1366644900,175601397
299,Croc Champ 2013 - Round 2 (Div. 2 Edition),CF,FINISHED,False,7800,1366644600,175601697
297,Codeforces Round #180 (Div. 1),CF,FINISHED,False,7200,1366385400,175860897
298,Codeforces Round #180 (Div. 2),CF,FINISHED,False,7200,1366385400,175860897
292,Croc Champ 2013 - Round 1,CF,FINISHED,False,7200,1366040100,176206197
291,Croc Champ 2013 - Qualification Round,CF,FINISHED,False,172800,1365796800,176449497
295,Codeforces Round #179 (Div. 1),CF,FINISHED,False,7200,1365694200,176552097
296,Codeforces Round #179 (Div. 2),CF,FINISHED,False,7200,1365694200,176552097
294,Codeforces Round #178 (Div. 2),CF,FINISHED,False,7200,1365348600,176897697
288,Codeforces Round #177 (Div. 1),CF,FINISHED,False,7200,1364916600,177329697
289,Codeforces Round #177 (Div. 2),CF,FINISHED,False,7200,1364916600,177329697
290,April Fools Day Contest 2013,ICPC,FINISHED,False,7200,1364830200,177416097
286,Codeforces Round #176 (Div. 1),CF,FINISHED,False,7200,1364025600,178220697
287,Codeforces Round #176 (Div. 2),CF,FINISHED,False,7200,1364025600,178220697
285,Codeforces Round #175 (Div. 2),CF,FINISHED,False,7200,1363879800,178366497
283,Codeforces Round #174 (Div. 1),CF,FINISHED,False,7500,1363534200,178712097
284,Codeforces Round #174 (Div. 2),CF,FINISHED,False,7500,1363534200,178712097
282,Codeforces Round #173 (Div. 2),CF,FINISHED,False,7200,1363188600,179057697
280,Codeforces Round #172 (Div. 1),CF,FINISHED,False,7200,1362929400,179316897
281,Codeforces Round #172 (Div. 2),CF,FINISHED,False,7200,1362929400,179316897
279,Codeforces Round #171 (Div. 2),CF,FINISHED,False,7200,1362411000,179835297
277,Codeforces Round #170 (Div. 1),CF,FINISHED,False,7200,1362065400,180180897
278,Codeforces Round #170 (Div. 2),CF,FINISHED,False,7200,1362065400,180180897
276,Codeforces Round #169 (Div. 2),CF,FINISHED,False,7200,1361719800,180526497
274,Codeforces Round #168 (Div. 1),CF,FINISHED,False,7200,1361374200,180872097
275,Codeforces Round #168 (Div. 2),CF,FINISHED,False,7200,1361374200,180872097
272,Codeforces Round #167 (Div. 2),CF,FINISHED,False,7200,1360769400,181476897
273,Codeforces Round #167 (Div. 1),CF,FINISHED,False,7200,1360769400,181476897
271,Codeforces Round #166 (Div. 2),CF,FINISHED,False,7200,1360596600,181649697
269,Codeforces Round #165 (Div. 1),CF,FINISHED,False,7200,1359732600,182513697
270,Codeforces Round #165 (Div. 2),CF,FINISHED,False,7200,1359732600,182513697
268,Codeforces Round #164 (Div. 2),CF,FINISHED,False,7200,1359387000,182859297
266,Codeforces Round #163 (Div. 2),CF,FINISHED,False,7200,1358868600,183377697
264,Codeforces Round #162 (Div. 1),CF,FINISHED,False,7200,1358686800,183559497
265,Codeforces Round #162 (Div. 2),CF,FINISHED,False,7200,1358686800,183559497
263,Codeforces Round #161 (Div. 2),CF,FINISHED,False,7200,1358350200,183896097
261,Codeforces Round #160 (Div. 1),CF,FINISHED,False,7200,1358091000,184155297
262,Codeforces Round #160 (Div. 2),CF,FINISHED,False,7200,1358091000,184155297
267,Codeforces Testing Round #5,CF,FINISHED,False,6300,1358002800,184243497
257,Codeforces Round #159 (Div. 2),CF,FINISHED,False,7200,1357659000,184587297
260,Codeforces Round #158 (Div. 2),CF,FINISHED,False,7200,1356622500,185623797
258,Codeforces Round #157 (Div. 1),CF,FINISHED,False,7200,1356190200,186056097
259,Codeforces Round #157 (Div. 2),CF,FINISHED,False,7200,1356190200,186056097
256,Codeforces Round #156 (Div. 1),CF,FINISHED,False,7200,1355671800,186574497
255,Codeforces Round #156 (Div. 2),CF,FINISHED,False,7200,1355671800,186574497
254,Codeforces Round #155 (Div. 2),CF,FINISHED,False,7200,1355047200,187199097
253,Codeforces Round #154 (Div. 2),CF,FINISHED,False,7200,1354960800,187285497
251,Codeforces Round #153 (Div. 1),CF,FINISHED,False,7200,1354807800,187438497
252,Codeforces Round #153 (Div. 2),CF,FINISHED,False,7200,1354807800,187438497
250,"CROC-MBTU 2012, Final Round (Online version, Div. 2)",CF,FINISHED,False,7200,1353938400,188307897
247,"CROC-MBTU 2012, Final Round",CF,FINISHED,False,7200,1353927300,188318997
248,Codeforces Round #152 (Div. 2),CF,FINISHED,False,8100,1353857400,188388897
249,Codeforces Round #152 (Div. 1),CF,FINISHED,False,8100,1353857400,188388897
246,Codeforces Round #151 (Div. 2),CF,FINISHED,False,7200,1353511800,188734497
245,"CROC-MBTU 2012, Elimination Round (ACM-ICPC)",ICPC,FINISHED,False,7800,1353339000,188907297
243,Codeforces Round #150 (Div. 1),CF,FINISHED,False,7800,1353079800,189166497
244,Codeforces Round #150 (Div. 2),CF,FINISHED,False,7800,1353079800,189166497
242,Codeforces Round #149 (Div. 2),CF,FINISHED,False,7200,1352647800,189598497
238,Codeforces Round #148 (Div. 1),CF,FINISHED,False,7200,1352044800,190201497
239,Codeforces Round #148 (Div. 2),CF,FINISHED,False,7200,1352044800,190201497
241,"Bayan 2012-2013 Elimination Round (ACM ICPC Rules, English statements)",ICPC,FINISHED,False,10800,1351783800,190462497
237,Codeforces Round #147 (Div. 2),CF,FINISHED,False,7200,1351179000,191067297
235,Codeforces Round #146 (Div. 1),CF,FINISHED,False,7200,1350803400,191442897
236,Codeforces Round #146 (Div. 2),CF,FINISHED,False,7200,1350803400,191442897
234,"Codeforces Round #145 (Div. 2, ACM-ICPC Rules)",ICPC,FINISHED,False,12600,1350370800,191875497
240,"Codeforces Round #145 (Div. 1, ACM-ICPC Rules)",ICPC,FINISHED,False,7200,1350370800,191875497
232,Codeforces Round #144 (Div. 1),CF,FINISHED,False,7200,1349969400,192276897
233,Codeforces Round #144 (Div. 2),CF,FINISHED,False,7200,1349969400,192276897
231,Codeforces Round #143 (Div. 2),CF,FINISHED,False,7200,1349623800,192622497
229,Codeforces Round #142 (Div. 1),CF,FINISHED,False,7500,1349105400,193140897
230,Codeforces Round #142 (Div. 2),CF,FINISHED,False,7500,1349105400,193140897
228,Codeforces Round #141 (Div. 2),CF,FINISHED,False,7200,1348759800,193486497
226,Codeforces Round #140 (Div. 1),CF,FINISHED,False,7200,1348500600,193745697
227,Codeforces Round #140 (Div. 2),CF,FINISHED,False,7200,1348500600,193745697
225,Codeforces Round #139 (Div. 2),CF,FINISHED,False,7200,1348069500,194176797
223,Codeforces Round #138 (Div. 1),CF,FINISHED,False,7200,1347809400,194436897
224,Codeforces Round #138 (Div. 2),CF,FINISHED,False,7200,1347809400,194436897
222,Codeforces Round #137 (Div. 2),CF,FINISHED,False,7200,1347291900,194954397
220,Codeforces Round #136 (Div. 1),CF,FINISHED,False,7200,1346427000,195819297
221,Codeforces Round #136 (Div. 2),CF,FINISHED,False,7200,1346427000,195819297
219,Codeforces Round #135 (Div. 2),CF,FINISHED,False,7200,1346081400,196164897
217,Codeforces Round #134 (Div. 1),CF,FINISHED,False,7200,1345273500,196972797
218,Codeforces Round #134 (Div. 2),CF,FINISHED,False,7200,1345273500,196972797
216,Codeforces Round #133 (Div. 2),CF,FINISHED,False,7200,1344958200,197288097
215,Codeforces Round #132 (Div. 2),CF,FINISHED,False,7200,1344267000,197979297
213,Codeforces Round #131 (Div. 1),CF,FINISHED,False,7200,1343662200,198584097
214,Codeforces Round #131 (Div. 2),CF,FINISHED,False,7200,1343662200,198584097
208,Codeforces Round #130 (Div. 2),CF,FINISHED,False,7800,1343057400,199188897
212,VK Cup 2012 Finals (unofficial online-version),CF,FINISHED,False,9000,1342450800,199795497
211,VK Cup 2012 Finals,CF,FINISHED,False,9000,1342335600,199910697
209,"VK Cup 2012 Finals, Practice Session",CF,FINISHED,False,5400,1342252500,199993797
204,Codeforces Round #129 (Div. 1),CF,FINISHED,False,7200,1342020600,200225697
205,Codeforces Round #129 (Div. 2),CF,FINISHED,False,7200,1342020600,200225697
207,Abbyy Cup 2.0 - Final (unofficial),ICPC,FINISHED,False,10800,1341730800,200515497
206,Abbyy Cup 2.0 - Final,ICPC,FINISHED,False,10800,1341576900,200669397
203,Codeforces Round #128 (Div. 2),CF,FINISHED,False,7200,1341329400,200916897
201,Codeforces Round #127 (Div. 1),CF,FINISHED,False,7200,1340983800,201262497
202,Codeforces Round #127 (Div. 2),CF,FINISHED,False,7200,1340983800,201262497
200,Codeforces Round #126 (Div. 2),CF,FINISHED,False,7200,1340551800,201694497
198,Codeforces Round #125 (Div. 1),CF,FINISHED,False,7200,1340379000,201867297
199,Codeforces Round #125 (Div. 2),CF,FINISHED,False,7200,1340379000,201867297
196,Codeforces Round #124 (Div. 1),CF,FINISHED,False,7200,1339506000,202740297
197,Codeforces Round #124 (Div. 2),CF,FINISHED,False,7200,1339506000,202740297
195,Codeforces Round #123 (Div. 2),CF,FINISHED,False,7200,1339342200,202904097
193,Codeforces Round #122 (Div. 1),CF,FINISHED,False,7200,1338737400,203508897
194,Codeforces Round #122 (Div. 2),CF,FINISHED,False,7200,1338737400,203508897
191,Codeforces Round #121 (Div. 1),CF,FINISHED,False,7200,1338132600,204113697
192,Codeforces Round #121 (Div. 2),CF,FINISHED,False,7200,1338132600,204113697
188,Surprise Language Round #6,ICPC,FINISHED,False,7200,1337959800,204286497
190,Codeforces Round #120 (Div. 2),CF,FINISHED,False,7200,1337182200,205064097
187,Codeforces Round #119 (Div. 1),CF,FINISHED,False,7200,1336663800,205582497
189,Codeforces Round #119 (Div. 2),CF,FINISHED,False,7200,1336663800,205582497
185,Codeforces Round #118 (Div. 1),CF,FINISHED,False,7200,1336145400,206100897
186,Codeforces Round #118 (Div. 2),CF,FINISHED,False,7200,1336145400,206100897
178,ABBYY Cup 2.0 - Hard,ICPC,FINISHED,False,18000,1335614400,206631897
183,Croc Champ 2012 - Final,CF,FINISHED,False,7200,1335532800,206713497
182,Codeforces Round #117 (Div. 2),CF,FINISHED,False,7200,1335280200,206966097
180,"Codeforces Round #116 (Div. 2, ACM-ICPC Rules)",ICPC,FINISHED,False,7200,1335078000,207168297
177,ABBYY Cup 2.0 - Easy,ICPC,FINISHED,False,14400,1335016800,207229497
176,Croc Champ 2012 - Round 2,CF,FINISHED,False,7200,1334934300,207311997
181,Croc Champ 2012 - Round 2 (Unofficial Div. 2 Edition),CF,FINISHED,False,7200,1334934300,207311997
175,Codeforces Round #115,CF,FINISHED,False,10800,1334390400,207855897
164,VK Cup 2012 Round 3,CF,FINISHED,False,7200,1333897500,208348797
174,VK Cup 2012 Round 3 (Unofficial Div. 2 Edition),CF,FINISHED,False,7200,1333897500,208348797
173,Croc Champ 2012 - Round 1,CF,FINISHED,False,7200,1333724400,208521897
172,Croc Champ 2012 - Qualification Round,CF,FINISHED,False,86400,1333440000,208806297
171,April Fools Day Contest,ICPC,FINISHED,False,7200,1333292400,208953897
170,VK Cup 2012 Wild-card Round 2,IOI,FINISHED,False,604800,1332954000,209292297
167,Codeforces Round #114 (Div. 1),CF,FINISHED,False,7200,1332860400,209385897
168,Codeforces Round #114 (Div. 2),CF,FINISHED,False,7200,1332860400,209385897
163,VK Cup 2012 Round 2,CF,FINISHED,False,7200,1332687900,209558397
169,VK Cup 2012 Round 2 (Unofficial Div. 2 Edition),CF,FINISHED,False,7200,1332687900,209558397
166,Codeforces Round #113 (Div. 2),CF,FINISHED,False,7200,1332516600,209729697
162,VK Cup 2012 Wild-card Round 1,ICPC,FINISHED,False,7200,1332083400,210162897
165,Codeforces Round #112 (Div. 2),CF,FINISHED,False,7200,1331911800,210334497
161,VK Cup 2012 Round 1,CF,FINISHED,False,7200,1331478300,210767997
159,VK Cup 2012 Qualification Round 2,CF,FINISHED,False,86400,1331280000,210966297
160,Codeforces Round #111 (Div. 2),CF,FINISHED,False,7200,1331046000,211200297
158,VK Cup 2012 Qualification Round 1,CF,FINISHED,False,86400,1330804800,211441497
156,Codeforces Round #110 (Div. 1),CF,FINISHED,False,7200,1330536600,211709697
157,Codeforces Round #110 (Div. 2),CF,FINISHED,False,7200,1330536600,211709697
154,Codeforces Round #109 (Div. 1),CF,FINISHED,False,7200,1330095600,212150697
155,Codeforces Round #109 (Div. 2),CF,FINISHED,False,7200,1330095600,212150697
153,Surprise Language Round #5,ICPC,FINISHED,False,7200,1329922800,212323497
152,Codeforces Round #108 (Div. 2),CF,FINISHED,False,7200,1329750000,212496297
150,Codeforces Round #107 (Div. 1),CF,FINISHED,False,7200,1329490800,212755497
151,Codeforces Round #107 (Div. 2),CF,FINISHED,False,7200,1329490800,212755497
149,Codeforces Round #106 (Div. 2),CF,FINISHED,False,7200,1328886000,213360297
148,Codeforces Round #105 (Div. 2),CF,FINISHED,False,7200,1328198400,214047897
145,Codeforces Round #104 (Div. 1),CF,FINISHED,False,7200,1327215600,215030697
146,Codeforces Round #104 (Div. 2),CF,FINISHED,False,7200,1327215600,215030697
144,Codeforces Round #103 (Div. 2),CF,FINISHED,False,7200,1326899100,215347197
142,Codeforces Round #102 (Div. 1),CF,FINISHED,False,7200,1326380700,215865597
143,Codeforces Round #102 (Div. 2),CF,FINISHED,False,7200,1326380700,215865597
141,Codeforces Round #101 (Div. 2),CF,FINISHED,False,7200,1326034800,216211497
140,Codeforces Round #100,CF,FINISHED,False,7200,1325689200,216557097
147,Codeforces Testing Round #4,CF,FINISHED,False,3600,1325602800,216643497
138,Codeforces Beta Round #99 (Div. 1),CF,FINISHED,False,7200,1324728000,217518297
139,Codeforces Beta Round #99 (Div. 2),CF,FINISHED,False,7200,1324728000,217518297
137,Codeforces Beta Round #98 (Div. 2),CF,FINISHED,False,7200,1324015200,218231097
135,Codeforces Beta Round #97 (Div. 1),CF,FINISHED,False,7200,1323443100,218803197
136,Codeforces Beta Round #97 (Div. 2),CF,FINISHED,False,7200,1323443100,218803197
132,Codeforces Beta Round #96 (Div. 1),CF,FINISHED,False,7200,1322924400,219321897
133,Codeforces Beta Round #96 (Div. 2),CF,FINISHED,False,7200,1322924400,219321897
134,Codeforces Testing Round #3,CF,FINISHED,False,3600,1322838000,219408297
131,Codeforces Beta Round #95 (Div. 2),CF,FINISHED,False,7200,1322233200,220013097
130,Unknown Language Round #4,ICPC,FINISHED,False,10800,1321801200,220445097
128,Codeforces Beta Round #94 (Div. 1 Only),CF,FINISHED,False,7200,1321337400,220908897
129,Codeforces Beta Round #94 (Div. 2 Only),CF,FINISHED,False,7200,1321337400,220908897
126,Codeforces Beta Round #93 (Div. 1 Only),CF,FINISHED,False,7200,1320858000,221388297
127,Codeforces Beta Round #93 (Div. 2 Only),CF,FINISHED,False,7200,1320858000,221388297
123,Codeforces Beta Round #92 (Div. 1 Only),CF,FINISHED,False,7200,1320333000,221913297
124,Codeforces Beta Round #92 (Div. 2 Only),CF,FINISHED,False,7200,1320333000,221913297
125,Codeforces Testing Round #2,CF,FINISHED,False,7200,1319893200,222353097
121,Codeforces Beta Round #91 (Div. 1 Only),CF,FINISHED,False,7200,1319727600,222518697
122,Codeforces Beta Round #91 (Div. 2 Only),CF,FINISHED,False,7200,1319727600,222518697
120,"School Regional Team Contest, Saratov, 2011",ICPC,FINISHED,False,18000,1318919400,223326897
119,Codeforces Beta Round #90,CF,FINISHED,False,7200,1318604400,223641897
118,Codeforces Beta Round #89 (Div. 2),CF,FINISHED,False,7200,1317999600,224246697
117,Codeforces Beta Round #88,CF,FINISHED,False,7200,1316790000,225456297
115,Codeforces Beta Round #87 (Div. 1 Only),CF,FINISHED,False,7200,1316098800,226147497
116,Codeforces Beta Round #87 (Div. 2 Only),CF,FINISHED,False,7200,1316098800,226147497
113,Codeforces Beta Round #86 (Div. 1 Only),CF,FINISHED,False,7200,1315494000,226752297
114,Codeforces Beta Round #86 (Div. 2 Only),CF,FINISHED,False,7200,1315494000,226752297
111,Codeforces Beta Round #85 (Div. 1 Only),CF,FINISHED,False,7200,1315051200,227195097
112,Codeforces Beta Round #85 (Div. 2 Only),CF,FINISHED,False,7200,1315051200,227195097
109,Codeforces Beta Round #84 (Div. 1 Only),CF,FINISHED,False,7200,1314633600,227612697
110,Codeforces Beta Round #84 (Div. 2 Only),CF,FINISHED,False,7200,1314633600,227612697
107,Codeforces Beta Round #83 (Div. 1 Only),CF,FINISHED,False,7200,1314111600,228134697
108,Codeforces Beta Round #83 (Div. 2 Only),CF,FINISHED,False,7200,1314111600,228134697
106,Codeforces Beta Round #82 (Div. 2),CF,FINISHED,False,7200,1313766000,228480297
105,Codeforces Beta Round #81,CF,FINISHED,False,7200,1313247600,228998697
103,Codeforces Beta Round #80 (Div. 1 Only),CF,FINISHED,False,7200,1312714800,229531497
104,Codeforces Beta Round #80 (Div. 2 Only),CF,FINISHED,False,7200,1312714800,229531497
101,Codeforces Beta Round #79 (Div. 1 Only),CF,FINISHED,False,7200,1312390800,229855497
102,Codeforces Beta Round #79 (Div. 2 Only),CF,FINISHED,False,7200,1312390800,229855497
100,Unknown Language Round #3,ICPC,FINISHED,False,10800,1312005600,230240697
98,Codeforces Beta Round #78 (Div. 1 Only),CF,FINISHED,False,7200,1311346800,230899497
99,Codeforces Beta Round #78 (Div. 2 Only),CF,FINISHED,False,7200,1311346800,230899497
97,Yandex.Algorithm 2011<br>Finals,CF,FINISHED,False,7200,1310731200,231515097
95,Codeforces Beta Round #77 (Div. 1 Only),CF,FINISHED,False,7200,1310137200,232109097
96,Codeforces Beta Round #77 (Div. 2 Only),CF,FINISHED,False,7200,1310137200,232109097
93,Codeforces Beta Round #76 (Div. 1 Only),CF,FINISHED,False,7200,1309446000,232800297
94,Codeforces Beta Round #76 (Div. 2 Only),CF,FINISHED,False,7200,1309446000,232800297
91,Codeforces Beta Round #75 (Div. 1 Only),CF,FINISHED,False,7200,1308582000,233664297
92,Codeforces Beta Round #75 (Div. 2 Only),CF,FINISHED,False,7200,1308582000,233664297
89,Codeforces Beta Round #74 (Div. 1 Only),CF,FINISHED,False,7200,1308236400,234009897
90,Codeforces Beta Round #74 (Div. 2 Only),CF,FINISHED,False,7200,1308236400,234009897
87,Codeforces Beta Round #73 (Div. 1 Only),CF,FINISHED,False,7200,1307458800,234787497
88,Codeforces Beta Round #73 (Div. 2 Only),CF,FINISHED,False,7200,1307458800,234787497
86,Yandex.Algorithm 2011<br>Round 2,CF,FINISHED,False,7200,1306077000,236169297
85,Yandex.Algorithm 2011<br>Round 1,CF,FINISHED,False,7200,1305903600,236342697
83,Codeforces Beta Round #72 (Div. 1 Only),CF,FINISHED,False,7200,1305299400,236946897
84,Codeforces Beta Round #72 (Div. 2 Only),CF,FINISHED,False,7200,1305299400,236946897
82,Yandex.Algorithm 2011<br>Qualification 2,CF,FINISHED,False,7200,1304694000,237552297
81,Yandex.Algorithm Open 2011<br>Qualification 1,CF,FINISHED,False,7200,1304485200,237761097
79,Codeforces Beta Round #71,CF,FINISHED,False,7200,1304175600,238070697
78,Codeforces Beta Round #70 (Div. 2),CF,FINISHED,False,7200,1303916400,238329897
77,Codeforces Beta Round #69 (Div. 1 Only),CF,FINISHED,False,7200,1303226100,239020197
80,Codeforces Beta Round #69 (Div. 2 Only),CF,FINISHED,False,7200,1303226100,239020197
74,Codeforces Beta Round #68,CF,FINISHED,False,7200,1302879600,239366697
75,Codeforces Beta Round #67 (Div. 2),CF,FINISHED,False,7200,1302706800,239539497
76,All-Ukrainian School Olympiad in Informatics,ICPC,FINISHED,False,18000,1302609600,239636697
73,Codeforces Beta Round #66,CF,FINISHED,False,9000,1302422400,239823897
71,Codeforces Beta Round #65 (Div. 2),CF,FINISHED,False,7200,1301410800,240835497
70,Codeforces Beta Round #64,CF,FINISHED,False,7200,1301155200,241091097
69,Codeforces Beta Round #63 (Div. 2),CF,FINISHED,False,7200,1300809600,241436697
72,Unknown Language Round #2,ICPC,FINISHED,False,10800,1300637400,241608897
68,Codeforces Beta Round #62,CF,FINISHED,False,7200,1300464000,241782297
67,Manthan 2011,CF,FINISHED,False,10800,1300033800,242212497
66,Codeforces Beta Round #61 (Div. 2),CF,FINISHED,False,7200,1299513600,242732697
65,Codeforces Beta Round #60,CF,FINISHED,False,7200,1299340800,242905497
63,Codeforces Beta Round #59 (Div. 2),CF,FINISHED,False,7200,1298908800,243337497
62,Codeforces Beta Round #58,CF,FINISHED,False,7200,1298649600,243596697
61,Codeforces Beta Round #57 (Div. 2),CF,FINISHED,False,7200,1298390400,243855897
64,Unknown Language Round #1,ICPC,FINISHED,False,9000,1298304000,243942297
60,Codeforces Beta Round #56,CF,FINISHED,False,7200,1298131200,244115097
59,Codeforces Beta Round #55 (Div. 2),CF,FINISHED,False,7200,1297440000,244806297
58,Codeforces Beta Round #54 (Div. 2),CF,FINISHED,False,7200,1296489600,245756697
57,Codeforces Beta Round #53,CF,FINISHED,False,7200,1295971200,246275097
56,Codeforces Beta Round #52 (Div. 2),CF,FINISHED,False,7200,1295626200,246620097
55,Codeforces Beta Round #51,CF,FINISHED,False,7200,1294992000,247254297
54,Codeforces Beta Round #50,CF,FINISHED,False,7200,1294733700,247512597
53,Codeforces Beta Round #49 (Div. 2),CF,FINISHED,False,7200,1294329600,247916697
52,Codeforces Testing Round #1,CF,FINISHED,False,3600,1294160400,248085897
51,Codeforces Beta Round #48,CF,FINISHED,False,9000,1293552000,248694297
50,Codeforces Beta Round #47,CF,FINISHED,False,7200,1292862000,249384297
49,Codeforces Beta Round #46 (Div. 2),CF,FINISHED,False,7200,1292601600,249644697
48,School Personal Contest #3 (Winter Computer School 2010/11)<br>-<br>Codeforces Beta Round #45 (ACM-ICPC Rules),ICPC,FINISHED,False,10800,1292140800,250105497
47,Codeforces Beta Round #44 (Div. 2),CF,FINISHED,False,7200,1291737600,250508697
46,School Personal Contest #2 (Winter Computer School 2010/11)<br>-<br>Codeforces Beta Round #43 (ACM-ICPC Rules),ICPC,FINISHED,False,10800,1291536000,250710297
43,Codeforces Beta Round #42 (Div. 2),CF,FINISHED,False,7200,1291046400,251199897
42,Codeforces Beta Round #41,CF,FINISHED,False,7200,1290096000,252150297
45,School Team Contest #3 (Winter Computer School 2010/11),ICPC,FINISHED,False,18000,1289646000,252600297
41,Codeforces Beta Round #40 (Div. 2),CF,FINISHED,False,7200,1289232000,253014297
44,School Team Contest #2 (Winter Computer School 2010/11),ICPC,FINISHED,False,18000,1289041200,253205097
40,Codeforces Beta Round #39,CF,FINISHED,False,7200,1288972800,253273497
38,School Personal Contest #1 (Winter Computer School 2010/11)<br/>-<br/>Codeforces Beta Round #38 (ACM-ICPC Rules),ICPC,FINISHED,False,14400,1288440000,253806297
37,Codeforces Beta Round #37,CF,FINISHED,False,7200,1288018800,254227497
39,School Team Contest #1 (Winter Computer School 2010/11),ICPC,FINISHED,False,18000,1287904200,254342097
36,Codeforces Beta Round #36,CF,FINISHED,False,7200,1287482400,254763897
35,Codeforces Beta Round #35 (Div. 2),CF,FINISHED,False,7200,1287471600,254774697
34,Codeforces Beta Round #34 (Div. 2),CF,FINISHED,False,7200,1286802000,255444297
33,Codeforces Beta Round #33 (Codeforces format),CF,FINISHED,False,7200,1286463600,255782697
32,"Codeforces Beta Round #32 (Div. 2, Codeforces format)",CF,FINISHED,False,7200,1286002800,256243497
31,"Codeforces Beta Round #31 (Div. 2, Codeforces format)",CF,FINISHED,False,7200,1285599600,256646697
30,Codeforces Beta Round #30 (Codeforces format),CF,FINISHED,False,7200,1285340400,256905897
29,"Codeforces Beta Round #29 (Div. 2, Codeforces format)",CF,FINISHED,False,7200,1284994800,257251497
28,Codeforces Beta Round #28 (Codeforces format),CF,FINISHED,False,7200,1284735600,257510697
27,"Codeforces Beta Round #27 (Codeforces format, Div. 2)",CF,FINISHED,False,7200,1284130800,258115497
26,Codeforces Beta Round #26 (Codeforces format),CF,FINISHED,False,7200,1281970800,260275497
25,Codeforces Beta Round #25 (Div. 2 Only),ICPC,FINISHED,False,7200,1280761200,261485097
24,Codeforces Beta Round #24,ICPC,FINISHED,False,7200,1280149200,262097097
23,Codeforces Beta Round #23,ICPC,FINISHED,False,7200,1278687600,263558697
22,Codeforces Beta Round #22 (Div. 2 Only),ICPC,FINISHED,False,7200,1277823600,264422697
21,Codeforces Alpha Round #21 (Codeforces format),CF,FINISHED,False,7200,1277730300,264515997
19,Codeforces Beta Round #19,ICPC,FINISHED,False,7200,1277391600,264854697
20,Codeforces Alpha Round #20 (Codeforces format),CF,FINISHED,False,5400,1276875000,265371297
18,Codeforces Beta Round #18 (Div. 2 Only),ICPC,FINISHED,False,7200,1276700400,265545897
17,Codeforces Beta Round #17,ICPC,FINISHED,False,7200,1276182000,266064297
16,Codeforces Beta Round #16 (Div. 2 Only),ICPC,FINISHED,False,7200,1275570000,266676297
15,Codeforces Beta Round #15,ICPC,FINISHED,False,8100,1275145200,267101097
14,Codeforces Beta Round #14 (Div. 2),ICPC,FINISHED,False,7200,1274283000,267963297
13,Codeforces Beta Round #13,ICPC,FINISHED,False,7200,1273154400,269091897
12,Codeforces Beta Round #12 (Div 2 Only),ICPC,FINISHED,False,7200,1272538800,269707497
11,Codeforces Beta Round #11,ICPC,FINISHED,False,7200,1272294000,269952297
10,Codeforces Beta Round #10,ICPC,FINISHED,False,7200,1271346300,270899997
9,Codeforces Beta Round #9 (Div. 2 Only),ICPC,FINISHED,False,7200,1270983600,271262697
8,Codeforces Beta Round #8,ICPC,FINISHED,False,7200,1270741500,271504797
7,Codeforces Beta Round #7,ICPC,FINISHED,False,7200,1270136700,272109597
6,Codeforces Beta Round #6 (Div. 2 Only),ICPC,FINISHED,False,7200,1269673200,272573097
5,Codeforces Beta Round #5,ICPC,FINISHED,False,7200,1269100800,273145497
4,Codeforces Beta Round #4 (Div. 2 Only),ICPC,FINISHED,False,7200,1268395200,273851097
3,Codeforces Beta Round #3,ICPC,FINISHED,False,7200,1267963200,274283097
2,Codeforces Beta Round #2,ICPC,FINISHED,False,7200,1267117200,275129097
1,Codeforces Beta Round #1,ICPC,FINISHED,False,7200,1266580800,275665497
